com.fasterxml.jackson.databind.node.TreeTraversingParser,@Test(timeout = 4000)
public void test000() throws Throwable {
    ObjectMapper objectMapper0 = new ObjectMapper();
    ArrayNode arrayNode0 = objectMapper0.createArrayNode();
    TreeTraversingParser treeTraversingParser0 = new TreeTraversingParser(arrayNode0, objectMapper0);
    treeTraversingParser0.setCodec(objectMapper0);
    treeTraversingParser0.hasCurrentToken();
},ERROR,java.nio.file.NoSuchFileException,/home/star_usit_group/tratto/experiment/generator/resources/defects4j/temp/JacksonDatabind_106b/src/main/java/com/fasterxml/jackson/core/base/ParserMinimalBase.java
com.fasterxml.jackson.databind.node.TreeTraversingParser,@Test(timeout = 4000)
public void test011() throws Throwable {
    ObjectMapper objectMapper0 = new ObjectMapper();
    ArrayNode arrayNode0 = objectMapper0.createArrayNode();
    TreeTraversingParser treeTraversingParser0 = new TreeTraversingParser(arrayNode0);
    Version version0 = treeTraversingParser0.version();
    version0.getArtifactId();
},ERROR,java.nio.file.NoSuchFileException,/home/star_usit_group/tratto/experiment/generator/resources/defects4j/temp/JacksonDatabind_106b/src/main/java/com/fasterxml/jackson/core/Version.java
com.fasterxml.jackson.databind.node.TreeTraversingParser,@Test(timeout = 4000)
public void test044() throws Throwable {
    BooleanNode booleanNode0 = BooleanNode.getTrue();
    TreeTraversingParser treeTraversingParser0 = new TreeTraversingParser(booleanNode0);
    treeTraversingParser0.readValueAsTree();
},ERROR,java.nio.file.NoSuchFileException,/home/star_usit_group/tratto/experiment/generator/resources/defects4j/temp/JacksonDatabind_106b/src/main/java/com/fasterxml/jackson/core/JsonParser.java
com.fasterxml.jackson.databind.node.TreeTraversingParser,@Test(timeout = 4000)
public void test1010() throws Throwable {
    BinaryNode binaryNode0 = BinaryNode.EMPTY_BINARY_NODE;
    TreeTraversingParser treeTraversingParser0 = new TreeTraversingParser(binaryNode0);
    Object object0 = treeTraversingParser0.getCurrentValue();
},ERROR,java.nio.file.NoSuchFileException,/home/star_usit_group/tratto/experiment/generator/resources/defects4j/temp/JacksonDatabind_106b/src/main/java/com/fasterxml/jackson/core/JsonParser.java
com.fasterxml.jackson.databind.node.TreeTraversingParser,@Test(timeout = 4000)
public void test1212() throws Throwable {
    FloatNode floatNode0 = FloatNode.valueOf(0.0F);
    TreeTraversingParser treeTraversingParser0 = new TreeTraversingParser(floatNode0);
    JsonLocation jsonLocation0 = treeTraversingParser0.getTokenLocation();
    jsonLocation0.getByteOffset();
},ERROR,java.nio.file.NoSuchFileException,/home/star_usit_group/tratto/experiment/generator/resources/defects4j/temp/JacksonDatabind_106b/src/main/java/com/fasterxml/jackson/core/JsonLocation.java
com.fasterxml.jackson.databind.node.TreeTraversingParser,@Test(timeout = 4000)
public void test1313() throws Throwable {
    BinaryNode binaryNode0 = BinaryNode.EMPTY_BINARY_NODE;
    TreeTraversingParser treeTraversingParser0 = new TreeTraversingParser(binaryNode0);
    treeTraversingParser0.getShortValue();
},ERROR,java.nio.file.NoSuchFileException,/home/star_usit_group/tratto/experiment/generator/resources/defects4j/temp/JacksonDatabind_106b/src/main/java/com/fasterxml/jackson/core/JsonParser.java
com.fasterxml.jackson.databind.node.TreeTraversingParser,@Test(timeout = 4000)
public void test1717() throws Throwable {
    JsonNodeFactory jsonNodeFactory0 = JsonNodeFactory.instance;
    ObjectNode objectNode0 = jsonNodeFactory0.objectNode();
    TreeTraversingParser treeTraversingParser0 = new TreeTraversingParser(objectNode0);
    treeTraversingParser0.nextToken();
    treeTraversingParser0.skipChildren();
    treeTraversingParser0.currentTokenId();
},ERROR,java.nio.file.NoSuchFileException,/home/star_usit_group/tratto/experiment/generator/resources/defects4j/temp/JacksonDatabind_106b/src/main/java/com/fasterxml/jackson/core/base/ParserMinimalBase.java
com.fasterxml.jackson.databind.node.TreeTraversingParser,@Test(timeout = 4000)
public void test1818() throws Throwable {
    BinaryNode binaryNode0 = BinaryNode.EMPTY_BINARY_NODE;
    TreeTraversingParser treeTraversingParser0 = new TreeTraversingParser(binaryNode0);
    treeTraversingParser0._closed = true;
    treeTraversingParser0.close();
    treeTraversingParser0.hasCurrentToken();
},ERROR,java.nio.file.NoSuchFileException,/home/star_usit_group/tratto/experiment/generator/resources/defects4j/temp/JacksonDatabind_106b/src/main/java/com/fasterxml/jackson/core/base/ParserMinimalBase.java
com.fasterxml.jackson.databind.node.TreeTraversingParser,@Test(timeout = 4000)
public void test2222() throws Throwable {
    BinaryNode binaryNode0 = BinaryNode.EMPTY_BINARY_NODE;
    TreeTraversingParser treeTraversingParser0 = new TreeTraversingParser(binaryNode0);
    treeTraversingParser0._startContainer = true;
    treeTraversingParser0.nextLongValue((-324L));
    treeTraversingParser0.getCurrentTokenId();
},ERROR,java.nio.file.NoSuchFileException,/home/star_usit_group/tratto/experiment/generator/resources/defects4j/temp/JacksonDatabind_106b/src/main/java/com/fasterxml/jackson/core/base/ParserMinimalBase.java
com.fasterxml.jackson.databind.node.TreeTraversingParser,@Test(timeout = 4000)
public void test2323() throws Throwable {
    BinaryNode binaryNode0 = BinaryNode.EMPTY_BINARY_NODE;
    TreeTraversingParser treeTraversingParser0 = new TreeTraversingParser(binaryNode0);
    TreeTraversingParser treeTraversingParser1 = (TreeTraversingParser) treeTraversingParser0.skipChildren();
    JsonToken jsonToken0 = JsonToken.START_OBJECT;
    treeTraversingParser1._nextToken = jsonToken0;
    treeTraversingParser0._startContainer = true;
    treeTraversingParser1.nextLongValue((-324L));
    treeTraversingParser0.nextToken();
    treeTraversingParser0.getCurrentToken();
},ERROR,java.nio.file.NoSuchFileException,/home/star_usit_group/tratto/experiment/generator/resources/defects4j/temp/JacksonDatabind_106b/src/main/java/com/fasterxml/jackson/core/base/ParserMinimalBase.java
com.fasterxml.jackson.databind.node.TreeTraversingParser,@Test(timeout = 4000)
public void test2424() throws Throwable {
    BinaryNode binaryNode0 = BinaryNode.EMPTY_BINARY_NODE;
    TreeTraversingParser treeTraversingParser0 = new TreeTraversingParser(binaryNode0);
    treeTraversingParser0.nextValue();
    treeTraversingParser0.nextToken();
    String string0 = treeTraversingParser0.currentName();
},ERROR,java.nio.file.NoSuchFileException,/home/star_usit_group/tratto/experiment/generator/resources/defects4j/temp/JacksonDatabind_106b/src/main/java/com/fasterxml/jackson/core/JsonParser.java
com.fasterxml.jackson.databind.node.TreeTraversingParser,@Test(timeout = 4000)
public void test2525() throws Throwable {
    ObjectMapper objectMapper0 = new ObjectMapper();
    ArrayNode arrayNode0 = objectMapper0.createArrayNode();
    TreeTraversingParser treeTraversingParser0 = new TreeTraversingParser(arrayNode0, objectMapper0);
    treeTraversingParser0.nextToken();
    treeTraversingParser0.skipChildren();
    treeTraversingParser0.isExpectedStartArrayToken();
},ERROR,java.nio.file.NoSuchFileException,/home/star_usit_group/tratto/experiment/generator/resources/defects4j/temp/JacksonDatabind_106b/src/main/java/com/fasterxml/jackson/core/base/ParserMinimalBase.java
com.fasterxml.jackson.databind.node.TreeTraversingParser,@Test(timeout = 4000)
public void test2626() throws Throwable {
    BinaryNode binaryNode0 = BinaryNode.EMPTY_BINARY_NODE;
    TreeTraversingParser treeTraversingParser0 = new TreeTraversingParser(binaryNode0);
    String string0 = treeTraversingParser0.currentName();
},ERROR,java.nio.file.NoSuchFileException,/home/star_usit_group/tratto/experiment/generator/resources/defects4j/temp/JacksonDatabind_106b/src/main/java/com/fasterxml/jackson/core/JsonParser.java
com.fasterxml.jackson.databind.node.TreeTraversingParser,@Test(timeout = 4000)
public void test2727() throws Throwable {
    LongNode longNode0 = new LongNode(0L);
    TreeTraversingParser treeTraversingParser0 = new TreeTraversingParser(longNode0);
    treeTraversingParser0.nextBooleanValue();
    treeTraversingParser0.nextToken();
    treeTraversingParser0.overrideCurrentName((String) null);
    treeTraversingParser0.getCurrentTokenId();
},ERROR,java.nio.file.NoSuchFileException,/home/star_usit_group/tratto/experiment/generator/resources/defects4j/temp/JacksonDatabind_106b/src/main/java/com/fasterxml/jackson/core/base/ParserMinimalBase.java
com.fasterxml.jackson.databind.node.TreeTraversingParser,@Test(timeout = 4000)
public void test2828() throws Throwable {
    LongNode longNode0 = new LongNode((-9223372036854775808L));
    TreeTraversingParser treeTraversingParser0 = new TreeTraversingParser(longNode0);
    treeTraversingParser0.overrideCurrentName("""");
    treeTraversingParser0.currentTokenId();
},ERROR,java.nio.file.NoSuchFileException,/home/star_usit_group/tratto/experiment/generator/resources/defects4j/temp/JacksonDatabind_106b/src/main/java/com/fasterxml/jackson/core/base/ParserMinimalBase.java
com.fasterxml.jackson.databind.node.TreeTraversingParser,@Test(timeout = 4000)
public void test3131() throws Throwable {
    DecimalNode decimalNode0 = DecimalNode.ZERO;
    TreeTraversingParser treeTraversingParser0 = new TreeTraversingParser(decimalNode0);
    JsonToken jsonToken0 = JsonToken.VALUE_STRING;
    treeTraversingParser0._nextToken = jsonToken0;
    String string0 = treeTraversingParser0.nextTextValue();
},ERROR,java.nio.file.NoSuchFileException,/home/star_usit_group/tratto/experiment/generator/resources/defects4j/temp/JacksonDatabind_106b/src/main/java/com/fasterxml/jackson/core/JsonParser.java
com.fasterxml.jackson.databind.node.TreeTraversingParser,@Test(timeout = 4000)
public void test3838() throws Throwable {
    JsonNodeFactory jsonNodeFactory0 = JsonNodeFactory.instance;
    SimpleModule simpleModule0 = new SimpleModule();
    ValueNode valueNode0 = jsonNodeFactory0.pojoNode(simpleModule0);
    TreeTraversingParser treeTraversingParser0 = new TreeTraversingParser(valueNode0, (ObjectCodec) null);
    SimpleModule simpleModule1 = (SimpleModule) treeTraversingParser0.getEmbeddedObject();
    simpleModule1.getModuleName();
},WARNING,java.lang.IllegalStateException,[WARNING] - The last statement of the test is part of another class with respect to the class under test. Check if the focal method is correct.
com.fasterxml.jackson.databind.node.TreeTraversingParser,@Test(timeout = 4000)
public void test4646() throws Throwable {
    BinaryNode binaryNode0 = BinaryNode.EMPTY_BINARY_NODE;
    TreeTraversingParser treeTraversingParser0 = new TreeTraversingParser(binaryNode0);
    treeTraversingParser0.readBinaryValue((OutputStream) null);
},ERROR,java.nio.file.NoSuchFileException,/home/star_usit_group/tratto/experiment/generator/resources/defects4j/temp/JacksonDatabind_106b/src/main/java/com/fasterxml/jackson/core/JsonParser.java
com.fasterxml.jackson.databind.node.TreeTraversingParser,@Test(timeout = 4000)
public void test4747() throws Throwable {
    TextNode textNode0 = new TextNode(""[NamedType, class "");
    TreeTraversingParser treeTraversingParser0 = new TreeTraversingParser(textNode0);
    ByteArrayOutputStream byteArrayOutputStream0 = new ByteArrayOutputStream();
    treeTraversingParser0.readBinaryValue((OutputStream) byteArrayOutputStream0);
},ERROR,java.nio.file.NoSuchFileException,/home/star_usit_group/tratto/experiment/generator/resources/defects4j/temp/JacksonDatabind_106b/src/main/java/com/fasterxml/jackson/core/JsonParser.java
com.fasterxml.jackson.databind.node.TreeTraversingParser,@Test(timeout = 4000)
public void test4848() throws Throwable {
    DecimalNode decimalNode0 = DecimalNode.ZERO;
    TreeTraversingParser treeTraversingParser0 = new TreeTraversingParser(decimalNode0);
    FilterOutputStream filterOutputStream0 = new FilterOutputStream((OutputStream) null);
    int int0 = treeTraversingParser0.readBinaryValue((OutputStream) filterOutputStream0);
},ERROR,java.nio.file.NoSuchFileException,/home/star_usit_group/tratto/experiment/generator/resources/defects4j/temp/JacksonDatabind_106b/src/main/java/com/fasterxml/jackson/core/JsonParser.java
