org.jsoup.nodes.Node,@Test(timeout = 4000)
public void test000() throws Throwable {
    Document document0 = Document.createShell("""");
    document0.hashCode();
},WARNING,java.lang.IllegalStateException,[WARNING] - The last statement of the test is part of another class with respect to the class under test. Check if the focal method is correct.
org.jsoup.nodes.Node,@Test(timeout = 4000)
public void test022() throws Throwable {
    TextNode textNode0 = new TextNode(""_>]a7|h#'9\""0Sj`W[4"", ""V057A=bIz*i\""|3<sq3"");
    Document document0 = Document.createShell("""");
    document0.setParentNode(textNode0);
    document0.normalise();
},WARNING,java.lang.IllegalStateException,[WARNING] - The last statement of the test is part of another class with respect to the class under test. Check if the focal method is correct.
org.jsoup.nodes.Node,@Test(timeout = 4000)
public void test1010() throws Throwable {
    Tag tag0 = Tag.valueOf(""#text"");
    TextNode textNode0 = new TextNode("".Pj\""ey'U>5"", "".Pj\""ey'U>5"");
    Attributes attributes0 = textNode0.attributes();
    FormElement formElement0 = new FormElement(tag0, ""#text"", attributes0);
    Document document0 = Document.createShell("".Pj\""ey'U>5"");
    document0.appendChild(formElement0);
    formElement0.before((Node) document0);
},WARNING,java.lang.IllegalStateException,[WARNING] - The last statement of the test is part of another class with respect to the class under test. Check if the focal method is correct.
org.jsoup.nodes.Node,@Test(timeout = 4000)
public void test1212() throws Throwable {
    Document document0 = Document.createShell(""TagOpen"");
    document0.toString();
},WARNING,java.lang.IllegalStateException,[WARNING] - The last statement of the test is part of another class with respect to the class under test. Check if the focal method is correct.
org.jsoup.nodes.Node,@Test(timeout = 4000)
public void test1414() throws Throwable {
    Document document0 = new Document(""CV=j)~@|qSj-h`"");
    Document document1 = document0.normalise();
    Element element0 = document1.head();
    element0.parent();
},WARNING,java.lang.IllegalStateException,[WARNING] - The last statement of the test is part of another class with respect to the class under test. Check if the focal method is correct.
org.jsoup.nodes.Node,@Test(timeout = 4000)
public void test1515() throws Throwable {
    Document document0 = Document.createShell(""Xs*@5EX"");
    document0.appendChild(document0);
    document0.parent();
},WARNING,java.lang.IllegalStateException,[WARNING] - The last statement of the test is part of another class with respect to the class under test. Check if the focal method is correct.
org.jsoup.nodes.Node,@Test(timeout = 4000)
public void test1717() throws Throwable {
    Document document0 = Document.createShell(""#text"");
    document0.nodeName();
},WARNING,java.lang.IllegalStateException,[WARNING] - The last statement of the test is part of another class with respect to the class under test. Check if the focal method is correct.
org.jsoup.nodes.Node,@Test(timeout = 4000)
public void test2020() throws Throwable {
    TextNode textNode0 = new TextNode(""[%I/,&4uJ(["", ""#text"");
    textNode0.equals(""#text"");
},WARNING,java.lang.IllegalStateException,[WARNING] - The last statement of the test is part of another class with respect to the class under test. Check if the focal method is correct.
org.jsoup.nodes.Node,@Test(timeout = 4000)
public void test2323() throws Throwable {
    Document document0 = Document.createShell(""#text"");
    document0.clone();
},WARNING,java.lang.IllegalStateException,[WARNING] - The last statement of the test is part of another class with respect to the class under test. Check if the focal method is correct.
org.jsoup.nodes.Node,@Test(timeout = 4000)
public void test2525() throws Throwable {
    Document document0 = Document.createShell(""org.jsoup.nodes.Node$OuterHtmlVisitor"");
    Element element0 = document0.prependElement(""clas"");
    element0.before(""org.jsoup.nodes.Node$OuterHtmlVisitor"");
},WARNING,java.lang.IllegalStateException,[WARNING] - The last statement of the test is part of another class with respect to the class under test. Check if the focal method is correct.
org.jsoup.nodes.Node,@Test(timeout = 4000)
public void test2727() throws Throwable {
    Document document0 = Document.createShell("""");
    Document document1 = document0.clone();
    Node[] nodeArray0 = new Node[7];
    nodeArray0[0] = (Node) document0;
    nodeArray0[1] = (Node) document1;
    nodeArray0[2] = (Node) document1;
    nodeArray0[3] = (Node) document0;
    nodeArray0[4] = (Node) document1;
    nodeArray0[5] = (Node) document1;
    nodeArray0[6] = (Node) document0;
    document1.addChildren(nodeArray0);
    document1.after((Node) document0);
},WARNING,java.lang.IllegalStateException,[WARNING] - The last statement of the test is part of another class with respect to the class under test. Check if the focal method is correct.
org.jsoup.nodes.Node,@Test(timeout = 4000)
public void test3030() throws Throwable {
    Document document0 = new Document(""i:)K%Q`1L1fTx1k0l"");
    document0.prependChild(document0);
    // Undeclared exception!
    document0.toString();
},WARNING,java.lang.IllegalStateException,[WARNING] - The last statement of the test is part of another class with respect to the class under test. Check if the focal method is correct.
org.jsoup.nodes.Node,@Test(timeout = 4000)
public void test3838() throws Throwable {
    Document document0 = new Document("";48HOnOd#ch0<},u^["");
    document0.attr((String) null, "";48HOnOd#ch0<},u^["");
},WARNING,java.lang.IllegalStateException,[WARNING] - The last statement of the test is part of another class with respect to the class under test. Check if the focal method is correct.
org.jsoup.nodes.Node,@Test(timeout = 4000)
public void test4646() throws Throwable {
    Document document0 = new Document(""K.i52T"");
    document0.wrap(""option"");
},WARNING,java.lang.IllegalStateException,[WARNING] - The last statement of the test is part of another class with respect to the class under test. Check if the focal method is correct.
org.jsoup.nodes.Node,@Test(timeout = 4000)
public void test5555() throws Throwable {
    Document document0 = new Document("""");
    NodeVisitor nodeVisitor0 = mock(NodeVisitor.class, new ViolatedAssumptionAnswer());
    Document document1 = (Document) document0.traverse(nodeVisitor0);
    document1.isBlock();
},WARNING,java.lang.IllegalStateException,[WARNING] - The last statement of the test is part of another class with respect to the class under test. Check if the focal method is correct.
org.jsoup.nodes.Node,@Test(timeout = 4000)
public void test5858() throws Throwable {
    TextNode textNode0 = TextNode.createFromEncoded(""1-EQ:+\""ti!L3bRU&F"", ""1-EQ:+\""ti!L3bRU&F"");
    List<Node> list0 = textNode0.childNodes();
    list0.isEmpty();
},ERROR,java.nio.file.NoSuchFileException,/home/star_usit_group/tratto/experiment/generator/resources/defects4j/temp/Jsoup_49b/src/main/java/java/util/List.java
org.jsoup.nodes.Node,@Test(timeout = 4000)
public void test6769() throws Throwable {
    Comment comment0 = new Comment(""eQ>"", "" 38]~zTx$i"");
    List<Node> list0 = comment0.siblingNodes();
    list0.size();
},ERROR,java.nio.file.NoSuchFileException,/home/star_usit_group/tratto/experiment/generator/resources/defects4j/temp/Jsoup_49b/src/main/java/java/util/List.java
org.jsoup.nodes.Node,@Test(timeout = 4000)
public void test7072() throws Throwable {
    Document document0 = Document.createShell(""TagOpen"");
    document0.setParentNode(document0);
    Element element0 = document0.wrap(""TagOpen"");
},WARNING,java.lang.IllegalStateException,[WARNING] - The last statement of the test is part of another class with respect to the class under test. Check if the focal method is correct.
org.jsoup.nodes.Node,@Test(timeout = 4000)
public void test7376() throws Throwable {
    Document document0 = Document.createShell(""F`R^h& qTEYfB{"");
    List<Node> list0 = document0.childNodesCopy();
    list0.size();
},ERROR,java.nio.file.NoSuchFileException,/home/star_usit_group/tratto/experiment/generator/resources/defects4j/temp/Jsoup_49b/src/main/java/java/util/List.java
org.jsoup.nodes.Node,@Test(timeout = 4000)
public void test7477() throws Throwable {
    TextNode textNode0 = TextNode.createFromEncoded("""", "" F,,%C3muSk&bx!K8VG"");
    List<Node> list0 = textNode0.childNodesCopy();
    list0.size();
},ERROR,java.nio.file.NoSuchFileException,/home/star_usit_group/tratto/experiment/generator/resources/defects4j/temp/Jsoup_49b/src/main/java/java/util/List.java
org.jsoup.nodes.Node,@Test(timeout = 4000)
public void test7679() throws Throwable {
    TextNode textNode0 = new TextNode(""abs:publicid"", ""abs:publicid"");
    String string0 = textNode0.attr(""abs:publicid"");
},WARNING,java.lang.IllegalStateException,[WARNING] - The last statement of the test is part of another class with respect to the class under test. Check if the focal method is correct.
org.jsoup.nodes.Node,@Test(timeout = 4000)
public void test7780() throws Throwable {
    Document document0 = Document.createShell("""");
    document0.removeClass(""#emJ^bQ? uQNA!"");
    Element element0 = document0.addClass(""`"");
},WARNING,java.lang.IllegalStateException,[WARNING] - The last statement of the test is part of another class with respect to the class under test. Check if the focal method is correct.
