com.fasterxml.jackson.core.filter.FilteringParserDelegate,@Test(timeout = 4000)
public void test0044() throws Throwable {
    TokenFilter tokenFilter0 = TokenFilter.INCLUDE_ALL;
    FilteringParserDelegate filteringParserDelegate0 = new FilteringParserDelegate((JsonParser) null, tokenFilter0, true, true);
    JsonToken jsonToken0 = JsonToken.VALUE_FALSE;
    filteringParserDelegate0._currToken = jsonToken0;
    JsonToken jsonToken1 = filteringParserDelegate0.currentToken();
    jsonToken1.isStructStart();
},WARNING,java.lang.IllegalStateException,[WARNING] - The last statement of the test is part of another class with respect to the class under test. Check if the focal method is correct.
com.fasterxml.jackson.core.filter.FilteringParserDelegate,@Test(timeout = 4000)
public void test0055() throws Throwable {
    BufferRecycler bufferRecycler0 = new BufferRecycler();
    IOContext iOContext0 = new IOContext(bufferRecycler0, """", true);
    StringReader stringReader0 = new StringReader(""^9a}P7053/!aNDw/"");
    CharsToNameCanonicalizer charsToNameCanonicalizer0 = CharsToNameCanonicalizer.createRoot();
    char[] charArray0 = new char[1];
    ReaderBasedJsonParser readerBasedJsonParser0 = new ReaderBasedJsonParser(iOContext0, 0, stringReader0, (ObjectCodec) null, charsToNameCanonicalizer0, charArray0, 2, 0, true);
    TokenFilter tokenFilter0 = new TokenFilter();
    FilteringParserDelegate filteringParserDelegate0 = new FilteringParserDelegate(readerBasedJsonParser0, tokenFilter0, true, true);
    JsonParser jsonParser0 = filteringParserDelegate0.skipChildren();
    jsonParser0.canReadObjectId();
},WARNING,java.lang.IllegalStateException,[WARNING] - The last statement of the test is part of another class with respect to the class under test. Check if the focal method is correct.
com.fasterxml.jackson.core.filter.FilteringParserDelegate,@Test(timeout = 4000)
public void test0066() throws Throwable {
    BufferRecycler bufferRecycler0 = new BufferRecycler();
    IOContext iOContext0 = new IOContext(bufferRecycler0, bufferRecycler0, false);
    TokenFilter tokenFilter0 = TokenFilter.INCLUDE_ALL;
    CharsToNameCanonicalizer charsToNameCanonicalizer0 = CharsToNameCanonicalizer.createRoot();
    char[] charArray0 = new char[0];
    ReaderBasedJsonParser readerBasedJsonParser0 = new ReaderBasedJsonParser(iOContext0, (-1413), (Reader) null, (ObjectCodec) null, charsToNameCanonicalizer0, charArray0, 0, 1, true);
    FilteringParserDelegate filteringParserDelegate0 = new FilteringParserDelegate(readerBasedJsonParser0, tokenFilter0, false, false);
    JsonParser jsonParser0 = filteringParserDelegate0.skipChildren();
    jsonParser0.currentTokenId();
},WARNING,java.lang.IllegalStateException,[WARNING] - The last statement of the test is part of another class with respect to the class under test. Check if the focal method is correct.
com.fasterxml.jackson.core.filter.FilteringParserDelegate,@Test(timeout = 4000)
public void test01818() throws Throwable {
    BufferRecycler bufferRecycler0 = new BufferRecycler();
    IOContext iOContext0 = new IOContext(bufferRecycler0, bufferRecycler0, false);
    Enumeration<InputStream> enumeration0 = (Enumeration<InputStream>) mock(Enumeration.class, new ViolatedAssumptionAnswer());
    doReturn(false).when(enumeration0).hasMoreElements();
    SequenceInputStream sequenceInputStream0 = new SequenceInputStream(enumeration0);
    DataInputStream dataInputStream0 = new DataInputStream(sequenceInputStream0);
    ByteQuadsCanonicalizer byteQuadsCanonicalizer0 = ByteQuadsCanonicalizer.createRoot();
    UTF8DataInputJsonParser uTF8DataInputJsonParser0 = new UTF8DataInputJsonParser(iOContext0, 0, dataInputStream0, (ObjectCodec) null, byteQuadsCanonicalizer0, 3);
    TokenFilter tokenFilter0 = TokenFilter.INCLUDE_ALL;
    FilteringParserDelegate filteringParserDelegate0 = new FilteringParserDelegate(uTF8DataInputJsonParser0, tokenFilter0, false, true);
    JsonLocation jsonLocation0 = filteringParserDelegate0.getTokenLocation();
    jsonLocation0.getByteOffset();
},WARNING,java.lang.IllegalStateException,[WARNING] - The last statement of the test is part of another class with respect to the class under test. Check if the focal method is correct.
com.fasterxml.jackson.core.filter.FilteringParserDelegate,@Test(timeout = 4000)
public void test02121() throws Throwable {
    TokenFilter tokenFilter0 = new TokenFilter();
    FilteringParserDelegate filteringParserDelegate0 = new FilteringParserDelegate((JsonParser) null, tokenFilter0, false, false);
    TokenFilterContext tokenFilterContext0 = filteringParserDelegate0._headContext;
    TokenFilterContext tokenFilterContext1 = new TokenFilterContext(118, tokenFilterContext0, tokenFilter0, true);
    filteringParserDelegate0._exposedContext = tokenFilterContext1;
    JsonStreamContext jsonStreamContext0 = filteringParserDelegate0.getParsingContext();
    jsonStreamContext0.typeDesc();
},WARNING,java.lang.IllegalStateException,[WARNING] - The last statement of the test is part of another class with respect to the class under test. Check if the focal method is correct.
com.fasterxml.jackson.core.filter.FilteringParserDelegate,@Test(timeout = 4000)
public void test02424() throws Throwable {
    PipedOutputStream pipedOutputStream0 = new PipedOutputStream();
    PipedInputStream pipedInputStream0 = new PipedInputStream(pipedOutputStream0);
    IOContext iOContext0 = new IOContext((BufferRecycler) null, pipedInputStream0, false);
    StringReader stringReader0 = new StringReader("""");
    CharsToNameCanonicalizer charsToNameCanonicalizer0 = CharsToNameCanonicalizer.createRoot();
    char[] charArray0 = new char[2];
    ReaderBasedJsonParser readerBasedJsonParser0 = new ReaderBasedJsonParser(iOContext0, 4742, stringReader0, (ObjectCodec) null, charsToNameCanonicalizer0, charArray0, 4742, 0, false);
    TokenFilter tokenFilter0 = new TokenFilter();
    FilteringParserDelegate filteringParserDelegate0 = new FilteringParserDelegate(readerBasedJsonParser0, tokenFilter0, false, false);
    JsonLocation jsonLocation0 = filteringParserDelegate0.getCurrentLocation();
    jsonLocation0.getColumnNr();
},WARNING,java.lang.IllegalStateException,[WARNING] - The last statement of the test is part of another class with respect to the class under test. Check if the focal method is correct.
com.fasterxml.jackson.core.filter.FilteringParserDelegate,@Test(timeout = 4000)
public void test02626() throws Throwable {
    TokenFilter tokenFilter0 = TokenFilter.INCLUDE_ALL;
    FilteringParserDelegate filteringParserDelegate0 = new FilteringParserDelegate((JsonParser) null, tokenFilter0, true, false);
    JsonStreamContext jsonStreamContext0 = filteringParserDelegate0._filterContext();
    jsonStreamContext0.getEntryCount();
},WARNING,java.lang.IllegalStateException,[WARNING] - The last statement of the test is part of another class with respect to the class under test. Check if the focal method is correct.
com.fasterxml.jackson.core.filter.FilteringParserDelegate,@Test(timeout = 4000)
public void test06666() throws Throwable {
    BufferRecycler bufferRecycler0 = new BufferRecycler();
    PipedOutputStream pipedOutputStream0 = new PipedOutputStream();
    PipedInputStream pipedInputStream0 = new PipedInputStream(pipedOutputStream0, 3);
    IOContext iOContext0 = new IOContext(bufferRecycler0, pipedInputStream0, true);
    StringReader stringReader0 = new StringReader(""88|)~rvgY"");
    CharsToNameCanonicalizer charsToNameCanonicalizer0 = CharsToNameCanonicalizer.createRoot();
    ReaderBasedJsonParser readerBasedJsonParser0 = new ReaderBasedJsonParser(iOContext0, 1, stringReader0, (ObjectCodec) null, charsToNameCanonicalizer0);
    TokenFilter tokenFilter0 = TokenFilter.INCLUDE_ALL;
    FilteringParserDelegate filteringParserDelegate0 = new FilteringParserDelegate(readerBasedJsonParser0, tokenFilter0, true, true);
    JsonParser jsonParser0 = filteringParserDelegate0.skipChildren();
    jsonParser0.getLastClearedToken();
},WARNING,java.lang.IllegalStateException,[WARNING] - The last statement of the test is part of another class with respect to the class under test. Check if the focal method is correct.
com.fasterxml.jackson.core.filter.FilteringParserDelegate,@Test(timeout = 4000)
public void test07373() throws Throwable {
    BufferRecycler bufferRecycler0 = new BufferRecycler();
    IOContext iOContext0 = new IOContext(bufferRecycler0, """", true);
    StringReader stringReader0 = new StringReader(""5"");
    CharsToNameCanonicalizer charsToNameCanonicalizer0 = CharsToNameCanonicalizer.createRoot();
    ReaderBasedJsonParser readerBasedJsonParser0 = new ReaderBasedJsonParser(iOContext0, (-1), stringReader0, (ObjectCodec) null, charsToNameCanonicalizer0);
    FilteringParserDelegate filteringParserDelegate0 = new FilteringParserDelegate(readerBasedJsonParser0, (TokenFilter) null, true, true);
    filteringParserDelegate0.nextToken();
    JsonLocation jsonLocation0 = filteringParserDelegate0.getTokenLocation();
    jsonLocation0.getColumnNr();
},WARNING,java.lang.IllegalStateException,[WARNING] - The last statement of the test is part of another class with respect to the class under test. Check if the focal method is correct.
com.fasterxml.jackson.core.filter.FilteringParserDelegate,@Test(timeout = 4000)
public void test09090() throws Throwable {
    TokenFilter tokenFilter0 = TokenFilter.INCLUDE_ALL;
    FilteringParserDelegate filteringParserDelegate0 = new FilteringParserDelegate((JsonParser) null, tokenFilter0, false, true);
    BufferRecycler bufferRecycler0 = new BufferRecycler();
    ByteArrayBuilder byteArrayBuilder0 = new ByteArrayBuilder(bufferRecycler0, 2);
    filteringParserDelegate0.readBinaryValue((OutputStream) byteArrayBuilder0);
},WARNING,java.lang.IllegalStateException,[WARNING] - The last statement of the test is part of another class with respect to the class under test. Check if the focal method is correct.
com.fasterxml.jackson.core.filter.FilteringParserDelegate,@Test(timeout = 4000)
public void test09393() throws Throwable {
    BufferRecycler bufferRecycler0 = new BufferRecycler();
    IOContext iOContext0 = new IOContext(bufferRecycler0, bufferRecycler0, false);
    StringReader stringReader0 = new StringReader(""com.fasterxml.jackson.core.Base64Variants"");
    CharsToNameCanonicalizer charsToNameCanonicalizer0 = CharsToNameCanonicalizer.createRoot();
    char[] charArray0 = new char[3];
    ReaderBasedJsonParser readerBasedJsonParser0 = new ReaderBasedJsonParser(iOContext0, 2, stringReader0, (ObjectCodec) null, charsToNameCanonicalizer0, charArray0, 1, 2, false);
    TokenFilter tokenFilter0 = new TokenFilter();
    FilteringParserDelegate filteringParserDelegate0 = new FilteringParserDelegate(readerBasedJsonParser0, tokenFilter0, false, false);
    TokenFilter tokenFilter1 = filteringParserDelegate0.getFilter();
    tokenFilter1.includeRawValue();
},WARNING,java.lang.IllegalStateException,[WARNING] - The last statement of the test is part of another class with respect to the class under test. Check if the focal method is correct.
com.fasterxml.jackson.core.filter.FilteringParserDelegate,@Test(timeout = 4000)
public void test09595() throws Throwable {
    BufferRecycler bufferRecycler0 = new BufferRecycler();
    IOContext iOContext0 = new IOContext(bufferRecycler0, bufferRecycler0, true);
    CharsToNameCanonicalizer charsToNameCanonicalizer0 = CharsToNameCanonicalizer.createRoot();
    char[] charArray0 = new char[4];
    ReaderBasedJsonParser readerBasedJsonParser0 = new ReaderBasedJsonParser(iOContext0, 0, (Reader) null, (ObjectCodec) null, charsToNameCanonicalizer0, charArray0, (-1334), (-3232), true);
    TokenFilter tokenFilter0 = TokenFilter.INCLUDE_ALL;
    FilteringParserDelegate filteringParserDelegate0 = new FilteringParserDelegate(readerBasedJsonParser0, tokenFilter0, true, true);
    JsonLocation jsonLocation0 = filteringParserDelegate0.getCurrentLocation();
    jsonLocation0.getColumnNr();
},WARNING,java.lang.IllegalStateException,[WARNING] - The last statement of the test is part of another class with respect to the class under test. Check if the focal method is correct.
com.fasterxml.jackson.core.filter.FilteringParserDelegate,@Test(timeout = 4000)
public void test09898() throws Throwable {
    BufferRecycler bufferRecycler0 = new BufferRecycler();
    IOContext iOContext0 = new IOContext(bufferRecycler0, bufferRecycler0, false);
    StringReader stringReader0 = new StringReader(""com.fasterxml.jackson.core.Base64Variants"");
    CharsToNameCanonicalizer charsToNameCanonicalizer0 = CharsToNameCanonicalizer.createRoot();
    char[] charArray0 = new char[3];
    ReaderBasedJsonParser readerBasedJsonParser0 = new ReaderBasedJsonParser(iOContext0, 2, stringReader0, (ObjectCodec) null, charsToNameCanonicalizer0, charArray0, 1, 2, false);
    TokenFilter tokenFilter0 = new TokenFilter();
    FilteringParserDelegate filteringParserDelegate0 = new FilteringParserDelegate(readerBasedJsonParser0, tokenFilter0, false, false);
    JsonLocation jsonLocation0 = filteringParserDelegate0.getTokenLocation();
    jsonLocation0.getByteOffset();
},WARNING,java.lang.IllegalStateException,[WARNING] - The last statement of the test is part of another class with respect to the class under test. Check if the focal method is correct.
com.fasterxml.jackson.core.filter.FilteringParserDelegate,@Test(timeout = 4000)
public void test112112() throws Throwable {
    TokenFilter tokenFilter0 = TokenFilter.INCLUDE_ALL;
    FilteringParserDelegate filteringParserDelegate0 = new FilteringParserDelegate((JsonParser) null, tokenFilter0, false, true);
    JsonStreamContext jsonStreamContext0 = filteringParserDelegate0.getParsingContext();
    jsonStreamContext0.inArray();
},WARNING,java.lang.IllegalStateException,[WARNING] - The last statement of the test is part of another class with respect to the class under test. Check if the focal method is correct.
