org.apache.commons.math3.fraction.BigFraction,@Test(timeout = 4000)
public void test04848() throws Throwable {
    BigFraction bigFraction0 = new BigFraction((-717.224843262248));
    BigFraction bigFraction1 = bigFraction0.pow(1245);
    BigFraction bigFraction2 = bigFraction1.divide(3);
    bigFraction2.shortValue();
},ERROR,java.nio.file.NoSuchFileException,/home/star_usit_group/tratto/experiment/generator/resources/defects4j/temp/Math_1b/src/main/java/java/lang/Number.java
org.apache.commons.math3.fraction.BigFraction,@Test(timeout = 4000)
public void test04950() throws Throwable {
    BigFraction bigFraction0 = new BigFraction((-858));
    int int0 = bigFraction0.compareTo(bigFraction0);
    bigFraction0.byteValue();
},ERROR,java.nio.file.NoSuchFileException,/home/star_usit_group/tratto/experiment/generator/resources/defects4j/temp/Math_1b/src/main/java/java/lang/Number.java
org.apache.commons.math3.fraction.BigFraction,@Test(timeout = 4000)
public void test05052() throws Throwable {
    BigFraction bigFraction0 = BigFraction.ZERO;
    BigFraction bigFraction1 = bigFraction0.ONE_FIFTH.pow((-608L));
    int int0 = bigFraction0.compareTo(bigFraction1);
    bigFraction1.shortValue();
},ERROR,java.nio.file.NoSuchFileException,/home/star_usit_group/tratto/experiment/generator/resources/defects4j/temp/Math_1b/src/main/java/java/lang/Number.java
org.apache.commons.math3.fraction.BigFraction,@Test(timeout = 4000)
public void test05153() throws Throwable {
    BigFraction bigFraction0 = BigFraction.ONE_FIFTH;
    BigDecimal bigDecimal0 = bigFraction0.TWO_QUARTERS.bigDecimalValue(0, 0);
    bigDecimal0.shortValue();
},ERROR,java.nio.file.NoSuchFileException,/home/star_usit_group/tratto/experiment/generator/resources/defects4j/temp/Math_1b/src/main/java/java/lang/Number.java
org.apache.commons.math3.fraction.BigFraction,@Test(timeout = 4000)
public void test05254() throws Throwable {
    BigFraction bigFraction0 = new BigFraction(1239);
    BigDecimal bigDecimal0 = bigFraction0.bigDecimalValue(1670, 0);
    bigDecimal0.byteValue();
},ERROR,java.nio.file.NoSuchFileException,/home/star_usit_group/tratto/experiment/generator/resources/defects4j/temp/Math_1b/src/main/java/java/lang/Number.java
org.apache.commons.math3.fraction.BigFraction,@Test(timeout = 4000)
public void test05355() throws Throwable {
    BigFraction bigFraction0 = BigFraction.ONE_FIFTH;
    BigDecimal bigDecimal0 = bigFraction0.bigDecimalValue(1);
    bigDecimal0.shortValue();
},ERROR,java.nio.file.NoSuchFileException,/home/star_usit_group/tratto/experiment/generator/resources/defects4j/temp/Math_1b/src/main/java/java/lang/Number.java
org.apache.commons.math3.fraction.BigFraction,@Test(timeout = 4000)
public void test05456() throws Throwable {
    BigFraction bigFraction0 = BigFraction.TWO_QUARTERS;
    BigDecimal bigDecimal0 = bigFraction0.bigDecimalValue(2);
    bigDecimal0.shortValue();
},ERROR,java.nio.file.NoSuchFileException,/home/star_usit_group/tratto/experiment/generator/resources/defects4j/temp/Math_1b/src/main/java/java/lang/Number.java
org.apache.commons.math3.fraction.BigFraction,@Test(timeout = 4000)
public void test05557() throws Throwable {
    BigFraction bigFraction0 = BigFraction.ONE;
    BigDecimal bigDecimal0 = bigFraction0.bigDecimalValue();
    bigDecimal0.shortValue();
},ERROR,java.nio.file.NoSuchFileException,/home/star_usit_group/tratto/experiment/generator/resources/defects4j/temp/Math_1b/src/main/java/java/lang/Number.java
org.apache.commons.math3.fraction.BigFraction,@Test(timeout = 4000)
public void test05658() throws Throwable {
    BigFraction bigFraction0 = BigFraction.TWO;
    BigDecimal bigDecimal0 = bigFraction0.MINUS_ONE.bigDecimalValue();
    bigDecimal0.shortValue();
},ERROR,java.nio.file.NoSuchFileException,/home/star_usit_group/tratto/experiment/generator/resources/defects4j/temp/Math_1b/src/main/java/java/lang/Number.java
org.apache.commons.math3.fraction.BigFraction,@Test(timeout = 4000)
public void test05759() throws Throwable {
    BigFraction bigFraction0 = BigFraction.TWO;
    BigFraction bigFraction1 = bigFraction0.multiply((-1));
    BigFraction bigFraction2 = bigFraction1.subtract(bigFraction0);
    BigFraction bigFraction3 = bigFraction0.add(bigFraction2);
    bigFraction3.byteValue();
},ERROR,java.nio.file.NoSuchFileException,/home/star_usit_group/tratto/experiment/generator/resources/defects4j/temp/Math_1b/src/main/java/java/lang/Number.java
org.apache.commons.math3.fraction.BigFraction,@Test(timeout = 4000)
public void test05861() throws Throwable {
    BigFraction bigFraction0 = BigFraction.FOUR_FIFTHS;
    BigInteger bigInteger0 = BigInteger.ONE;
    BigFraction bigFraction1 = bigFraction0.ONE.add(bigInteger0);
    bigFraction1.shortValue();
},ERROR,java.nio.file.NoSuchFileException,/home/star_usit_group/tratto/experiment/generator/resources/defects4j/temp/Math_1b/src/main/java/java/lang/Number.java
org.apache.commons.math3.fraction.BigFraction,@Test(timeout = 4000)
public void test05963() throws Throwable {
    BigFraction bigFraction0 = BigFraction.MINUS_ONE;
    byte[] byteArray0 = new byte[3];
    BigInteger bigInteger0 = new BigInteger(byteArray0);
    BigFraction bigFraction1 = bigFraction0.add(bigInteger0);
    bigFraction1.byteValue();
},ERROR,java.nio.file.NoSuchFileException,/home/star_usit_group/tratto/experiment/generator/resources/defects4j/temp/Math_1b/src/main/java/java/lang/Number.java
org.apache.commons.math3.fraction.BigFraction,@Test(timeout = 4000)
public void test06064() throws Throwable {
    BigFraction bigFraction0 = BigFraction.FOUR_FIFTHS;
    BigFraction bigFraction1 = bigFraction0.TWO_THIRDS.add((-692));
    BigFraction bigFraction2 = bigFraction1.add((long) (-692));
    bigFraction2.shortValue();
},ERROR,java.nio.file.NoSuchFileException,/home/star_usit_group/tratto/experiment/generator/resources/defects4j/temp/Math_1b/src/main/java/java/lang/Number.java
org.apache.commons.math3.fraction.BigFraction,@Test(timeout = 4000)
public void test06165() throws Throwable {
    BigFraction bigFraction0 = BigFraction.ONE_FIFTH;
    BigFraction bigFraction1 = bigFraction0.THREE_FIFTHS.add(0);
    bigFraction1.shortValue();
},ERROR,java.nio.file.NoSuchFileException,/home/star_usit_group/tratto/experiment/generator/resources/defects4j/temp/Math_1b/src/main/java/java/lang/Number.java
org.apache.commons.math3.fraction.BigFraction,@Test(timeout = 4000)
public void test06267() throws Throwable {
    BigFraction bigFraction0 = BigFraction.ONE_FIFTH;
    BigFraction bigFraction1 = bigFraction0.add(2448);
    bigFraction1.shortValue();
},ERROR,java.nio.file.NoSuchFileException,/home/star_usit_group/tratto/experiment/generator/resources/defects4j/temp/Math_1b/src/main/java/java/lang/Number.java
org.apache.commons.math3.fraction.BigFraction,@Test(timeout = 4000)
public void test06368() throws Throwable {
    BigFraction bigFraction0 = BigFraction.ONE_FIFTH;
    BigFraction bigFraction1 = bigFraction0.ONE_FIFTH.subtract(406);
    BigFraction bigFraction2 = bigFraction1.abs();
    bigFraction2.byteValue();
},ERROR,java.nio.file.NoSuchFileException,/home/star_usit_group/tratto/experiment/generator/resources/defects4j/temp/Math_1b/src/main/java/java/lang/Number.java
org.apache.commons.math3.fraction.BigFraction,@Test(timeout = 4000)
public void test07783() throws Throwable {
    BigFraction bigFraction0 = BigFraction.ONE_QUARTER;
    BigInteger bigInteger0 = BigInteger.TEN;
    BigFraction bigFraction1 = bigFraction0.ONE_FIFTH.multiply(bigInteger0);
    bigFraction1.shortValue();
},ERROR,java.nio.file.NoSuchFileException,/home/star_usit_group/tratto/experiment/generator/resources/defects4j/temp/Math_1b/src/main/java/java/lang/Number.java
org.apache.commons.math3.fraction.BigFraction,@Test(timeout = 4000)
public void test08187() throws Throwable {
    BigFraction bigFraction0 = BigFraction.FOUR_FIFTHS;
    BigInteger bigInteger0 = BigInteger.ONE;
    BigFraction bigFraction1 = bigFraction0.divide(bigInteger0);
    bigFraction1.byteValue();
},ERROR,java.nio.file.NoSuchFileException,/home/star_usit_group/tratto/experiment/generator/resources/defects4j/temp/Math_1b/src/main/java/java/lang/Number.java
org.apache.commons.math3.fraction.BigFraction,@Test(timeout = 4000)
public void test08289() throws Throwable {
    byte[] byteArray0 = new byte[8];
    byteArray0[0] = (byte) (-116);
    BigInteger bigInteger0 = new BigInteger(byteArray0);
    BigFraction bigFraction0 = new BigFraction(bigInteger0, bigInteger0);
    bigFraction0.byteValue();
},ERROR,java.nio.file.NoSuchFileException,/home/star_usit_group/tratto/experiment/generator/resources/defects4j/temp/Math_1b/src/main/java/java/lang/Number.java
org.apache.commons.math3.fraction.BigFraction,@Test(timeout = 4000)
public void test08390() throws Throwable {
    BigInteger bigInteger0 = BigInteger.ONE;
    BigFraction bigFraction0 = new BigFraction(bigInteger0, bigInteger0);
    bigFraction0.byteValue();
},ERROR,java.nio.file.NoSuchFileException,/home/star_usit_group/tratto/experiment/generator/resources/defects4j/temp/Math_1b/src/main/java/java/lang/Number.java
org.apache.commons.math3.fraction.BigFraction,@Test(timeout = 4000)
public void test08592() throws Throwable {
    BigFraction bigFraction0 = new BigFraction((-858));
    BigFraction bigFraction1 = bigFraction0.ONE_FIFTH.reduce();
    bigFraction0.shortValue();
},ERROR,java.nio.file.NoSuchFileException,/home/star_usit_group/tratto/experiment/generator/resources/defects4j/temp/Math_1b/src/main/java/java/lang/Number.java
org.apache.commons.math3.fraction.BigFraction,@Test(timeout = 4000)
public void test08593() throws Throwable {
    BigFraction bigFraction0 = new BigFraction((-858));
    BigFraction bigFraction1 = bigFraction0.ONE_FIFTH.reduce();
    bigFraction1.byteValue();
},ERROR,java.nio.file.NoSuchFileException,/home/star_usit_group/tratto/experiment/generator/resources/defects4j/temp/Math_1b/src/main/java/java/lang/Number.java
org.apache.commons.math3.fraction.BigFraction,@Test(timeout = 4000)
public void test08797() throws Throwable {
    BigFraction bigFraction0 = BigFraction.ZERO;
    BigInteger bigInteger0 = BigInteger.ZERO;
    BigFraction bigFraction1 = bigFraction0.FOUR_FIFTHS.add(bigInteger0);
    BigFraction bigFraction2 = bigFraction1.ONE.subtract(bigFraction1);
    bigFraction2.byteValue();
},ERROR,java.nio.file.NoSuchFileException,/home/star_usit_group/tratto/experiment/generator/resources/defects4j/temp/Math_1b/src/main/java/java/lang/Number.java
org.apache.commons.math3.fraction.BigFraction,@Test(timeout = 4000)
public void test091101() throws Throwable {
    BigFraction bigFraction0 = BigFraction.TWO;
    byte[] byteArray0 = new byte[3];
    byteArray0[0] = (byte) (-1);
    BigInteger bigInteger0 = new BigInteger(byteArray0);
    BigFraction bigFraction1 = bigFraction0.pow(bigInteger0);
    bigFraction1.byteValue();
},ERROR,java.nio.file.NoSuchFileException,/home/star_usit_group/tratto/experiment/generator/resources/defects4j/temp/Math_1b/src/main/java/java/lang/Number.java
org.apache.commons.math3.fraction.BigFraction,@Test(timeout = 4000)
public void test092104() throws Throwable {
    BigFraction bigFraction0 = BigFraction.ZERO;
    BigFraction bigFraction1 = bigFraction0.ONE_FIFTH.pow((-608L));
    BigFraction bigFraction2 = bigFraction1.ONE.subtract(bigFraction1);
    bigFraction2.shortValue();
},ERROR,java.nio.file.NoSuchFileException,/home/star_usit_group/tratto/experiment/generator/resources/defects4j/temp/Math_1b/src/main/java/java/lang/Number.java
org.apache.commons.math3.fraction.BigFraction,@Test(timeout = 4000)
public void test093105() throws Throwable {
    BigInteger bigInteger0 = BigInteger.ZERO;
    BigFraction bigFraction0 = new BigFraction(bigInteger0);
    BigFraction bigFraction1 = bigFraction0.pow(0L);
    bigFraction1.shortValue();
},ERROR,java.nio.file.NoSuchFileException,/home/star_usit_group/tratto/experiment/generator/resources/defects4j/temp/Math_1b/src/main/java/java/lang/Number.java
org.apache.commons.math3.fraction.BigFraction,@Test(timeout = 4000)
public void test096112() throws Throwable {
    BigFraction bigFraction0 = BigFraction.TWO;
    BigFraction bigFraction1 = BigFraction.ONE_HALF;
    BigFraction bigFraction2 = bigFraction0.multiply(bigFraction1);
    boolean boolean0 = bigFraction1.TWO_QUARTERS.equals(bigFraction2);
    bigFraction2.shortValue();
},ERROR,java.nio.file.NoSuchFileException,/home/star_usit_group/tratto/experiment/generator/resources/defects4j/temp/Math_1b/src/main/java/java/lang/Number.java
org.apache.commons.math3.fraction.BigFraction,@Test(timeout = 4000)
public void test101117() throws Throwable {
    BigFraction bigFraction0 = BigFraction.FOUR_FIFTHS;
    BigFraction bigFraction1 = bigFraction0.TWO_THIRDS.add((-692));
    BigFraction bigFraction2 = bigFraction0.add(bigFraction1);
    bigFraction2.byteValue();
},ERROR,java.nio.file.NoSuchFileException,/home/star_usit_group/tratto/experiment/generator/resources/defects4j/temp/Math_1b/src/main/java/java/lang/Number.java
org.apache.commons.math3.fraction.BigFraction,@Test(timeout = 4000)
public void test104122() throws Throwable {
    BigFraction bigFraction0 = BigFraction.FOUR_FIFTHS;
    BigFraction bigFraction1 = bigFraction0.add(bigFraction0);
    bigFraction1.byteValue();
},ERROR,java.nio.file.NoSuchFileException,/home/star_usit_group/tratto/experiment/generator/resources/defects4j/temp/Math_1b/src/main/java/java/lang/Number.java
org.apache.commons.math3.fraction.BigFraction,@Test(timeout = 4000)
public void test107125() throws Throwable {
    BigFraction bigFraction0 = new BigFraction(2421.19, 629);
    bigFraction0.shortValue();
},ERROR,java.nio.file.NoSuchFileException,/home/star_usit_group/tratto/experiment/generator/resources/defects4j/temp/Math_1b/src/main/java/java/lang/Number.java
org.apache.commons.math3.fraction.BigFraction,@Test(timeout = 4000)
public void test110129() throws Throwable {
    BigFraction bigFraction0 = new BigFraction((double) (-692));
    String string0 = bigFraction0.toString();
    bigFraction0.shortValue();
},ERROR,java.nio.file.NoSuchFileException,/home/star_usit_group/tratto/experiment/generator/resources/defects4j/temp/Math_1b/src/main/java/java/lang/Number.java
org.apache.commons.math3.fraction.BigFraction,@Test(timeout = 4000)
public void test113132() throws Throwable {
    BigFraction bigFraction0 = new BigFraction(1362.6);
    BigFraction bigFraction1 = bigFraction0.ZERO.divide(bigFraction0);
    bigFraction1.byteValue();
},ERROR,java.nio.file.NoSuchFileException,/home/star_usit_group/tratto/experiment/generator/resources/defects4j/temp/Math_1b/src/main/java/java/lang/Number.java
org.apache.commons.math3.fraction.BigFraction,@Test(timeout = 4000)
public void test113133() throws Throwable {
    BigFraction bigFraction0 = new BigFraction(1362.6);
    BigFraction bigFraction1 = bigFraction0.ZERO.divide(bigFraction0);
    bigFraction0.shortValue();
},ERROR,java.nio.file.NoSuchFileException,/home/star_usit_group/tratto/experiment/generator/resources/defects4j/temp/Math_1b/src/main/java/java/lang/Number.java
org.apache.commons.math3.fraction.BigFraction,@Test(timeout = 4000)
public void test121141() throws Throwable {
    BigFraction bigFraction0 = BigFraction.TWO_QUARTERS;
    BigDecimal bigDecimal0 = bigFraction0.ONE_FIFTH.bigDecimalValue(1770, 0);
    bigDecimal0.byteValue();
},ERROR,java.nio.file.NoSuchFileException,/home/star_usit_group/tratto/experiment/generator/resources/defects4j/temp/Math_1b/src/main/java/java/lang/Number.java
org.apache.commons.math3.fraction.BigFraction,@Test(timeout = 4000)
public void test122143() throws Throwable {
    BigFraction bigFraction0 = BigFraction.TWO;
    BigFraction bigFraction1 = bigFraction0.ONE_FIFTH.multiply(2);
    bigFraction1.byteValue();
},ERROR,java.nio.file.NoSuchFileException,/home/star_usit_group/tratto/experiment/generator/resources/defects4j/temp/Math_1b/src/main/java/java/lang/Number.java
org.apache.commons.math3.fraction.BigFraction,@Test(timeout = 4000)
public void test124145() throws Throwable {
    BigFraction bigFraction0 = BigFraction.ZERO;
    BigInteger bigInteger0 = BigInteger.TEN;
    BigFraction bigFraction1 = bigFraction0.subtract(bigInteger0);
    BigFraction bigFraction2 = bigFraction1.abs();
    bigFraction2.byteValue();
},ERROR,java.nio.file.NoSuchFileException,/home/star_usit_group/tratto/experiment/generator/resources/defects4j/temp/Math_1b/src/main/java/java/lang/Number.java
org.apache.commons.math3.fraction.BigFraction,@Test(timeout = 4000)
public void test125146() throws Throwable {
    BigFraction bigFraction0 = BigFraction.TWO;
    BigFraction bigFraction1 = bigFraction0.subtract(2);
    bigFraction1.byteValue();
},ERROR,java.nio.file.NoSuchFileException,/home/star_usit_group/tratto/experiment/generator/resources/defects4j/temp/Math_1b/src/main/java/java/lang/Number.java
org.apache.commons.math3.fraction.BigFraction,@Test(timeout = 4000)
public void test129152() throws Throwable {
    BigFraction bigFraction0 = BigFraction.getReducedFraction(1, 1);
    BigFraction bigFraction1 = bigFraction0.reduce();
    bigFraction1.shortValue();
},ERROR,java.nio.file.NoSuchFileException,/home/star_usit_group/tratto/experiment/generator/resources/defects4j/temp/Math_1b/src/main/java/java/lang/Number.java
org.apache.commons.math3.fraction.BigFraction,@Test(timeout = 4000)
public void test130153() throws Throwable {
    BigFraction bigFraction0 = BigFraction.ONE_FIFTH;
    BigDecimal bigDecimal0 = bigFraction0.bigDecimalValue();
    bigDecimal0.shortValue();
},ERROR,java.nio.file.NoSuchFileException,/home/star_usit_group/tratto/experiment/generator/resources/defects4j/temp/Math_1b/src/main/java/java/lang/Number.java
org.apache.commons.math3.fraction.BigFraction,@Test(timeout = 4000)
public void test131154() throws Throwable {
    BigFraction bigFraction0 = BigFraction.ONE_FIFTH;
    BigFraction bigFraction1 = bigFraction0.add(4503599627370496L);
    bigFraction1.shortValue();
},ERROR,java.nio.file.NoSuchFileException,/home/star_usit_group/tratto/experiment/generator/resources/defects4j/temp/Math_1b/src/main/java/java/lang/Number.java
org.apache.commons.math3.fraction.BigFraction,@Test(timeout = 4000)
public void test133157() throws Throwable {
    BigFraction bigFraction0 = new BigFraction((-974L));
    BigFraction bigFraction1 = bigFraction0.subtract((-974L));
    bigFraction0.shortValue();
},ERROR,java.nio.file.NoSuchFileException,/home/star_usit_group/tratto/experiment/generator/resources/defects4j/temp/Math_1b/src/main/java/java/lang/Number.java
org.apache.commons.math3.fraction.BigFraction,@Test(timeout = 4000)
public void test133158() throws Throwable {
    BigFraction bigFraction0 = new BigFraction((-974L));
    BigFraction bigFraction1 = bigFraction0.subtract((-974L));
    bigFraction1.shortValue();
},ERROR,java.nio.file.NoSuchFileException,/home/star_usit_group/tratto/experiment/generator/resources/defects4j/temp/Math_1b/src/main/java/java/lang/Number.java
org.apache.commons.math3.fraction.BigFraction,@Test(timeout = 4000)
public void test134160() throws Throwable {
    BigFraction bigFraction0 = BigFraction.ONE_FIFTH;
    BigFraction bigFraction1 = bigFraction0.TWO_FIFTHS.divide(1951);
    bigFraction1.shortValue();
},ERROR,java.nio.file.NoSuchFileException,/home/star_usit_group/tratto/experiment/generator/resources/defects4j/temp/Math_1b/src/main/java/java/lang/Number.java
org.apache.commons.math3.fraction.BigFraction,@Test(timeout = 4000)
public void test137163() throws Throwable {
    BigFraction bigFraction0 = BigFraction.ZERO;
    BigInteger bigInteger0 = bigFraction0.getNumerator();
    bigInteger0.shortValue();
},ERROR,java.nio.file.NoSuchFileException,/home/star_usit_group/tratto/experiment/generator/resources/defects4j/temp/Math_1b/src/main/java/java/lang/Number.java
