com.google.javascript.jscomp.TypeCheck,@Test(timeout = 4000)
public void test0011() throws Throwable {
    Compiler compiler0 = new Compiler();
    CompilerOptions compilerOptions0 = new CompilerOptions();
    DefaultPassConfig defaultPassConfig0 = new DefaultPassConfig(compilerOptions0);
    compiler0.initCompilerOptionsIfTesting();
    TypeCheck typeCheck0 = defaultPassConfig0.makeTypeCheck(compiler0);
    NodeTraversal nodeTraversal0 = new NodeTraversal(compiler0, typeCheck0, (ScopeCreator) null);
    JSTypeRegistry jSTypeRegistry0 = compiler0.getTypeRegistry();
    Stack<JSType> stack0 = new Stack<JSType>();
    Node node0 = jSTypeRegistry0.createParameters((List<JSType>) stack0);
    Node node1 = new Node(22, node0);
    typeCheck0.visit(nodeTraversal0, node1, node0);
    compiler0.hasErrors();
},WARNING,java.lang.IllegalStateException,[WARNING] - The last statement of the test is part of another class with respect to the class under test. Check if the focal method is correct.
com.google.javascript.jscomp.TypeCheck,@Test(timeout = 4000)
public void test0012() throws Throwable {
    Compiler compiler0 = new Compiler();
    CompilerOptions compilerOptions0 = new CompilerOptions();
    DefaultPassConfig defaultPassConfig0 = new DefaultPassConfig(compilerOptions0);
    compiler0.initCompilerOptionsIfTesting();
    TypeCheck typeCheck0 = defaultPassConfig0.makeTypeCheck(compiler0);
    NodeTraversal nodeTraversal0 = new NodeTraversal(compiler0, typeCheck0, (ScopeCreator) null);
    JSTypeRegistry jSTypeRegistry0 = compiler0.getTypeRegistry();
    Stack<JSType> stack0 = new Stack<JSType>();
    Node node0 = jSTypeRegistry0.createParameters((List<JSType>) stack0);
    Node node1 = new Node(22, node0);
    typeCheck0.visit(nodeTraversal0, node1, node0);
    compiler0.getErrorCount();
},WARNING,java.lang.IllegalStateException,[WARNING] - The last statement of the test is part of another class with respect to the class under test. Check if the focal method is correct.
com.google.javascript.jscomp.TypeCheck,@Test(timeout = 4000)
public void test0034() throws Throwable {
    Logger logger0 = Tracer.logger;
    LoggerErrorManager loggerErrorManager0 = new LoggerErrorManager(logger0);
    Compiler compiler0 = new Compiler(loggerErrorManager0);
    CompilerOptions compilerOptions0 = new CompilerOptions();
    DefaultPassConfig defaultPassConfig0 = new DefaultPassConfig(compilerOptions0);
    compiler0.initCompilerOptionsIfTesting();
    TypeCheck typeCheck0 = defaultPassConfig0.makeTypeCheck(compiler0);
    NodeTraversal nodeTraversal0 = new NodeTraversal(compiler0, typeCheck0, (ScopeCreator) null);
    Node node0 = new Node(82, (-631), 145);
    Node node1 = new Node(44, node0, node0);
    typeCheck0.visit(nodeTraversal0, node1, node1);
    node1.getSideEffectFlags();
},WARNING,java.lang.IllegalStateException,[WARNING] - The last statement of the test is part of another class with respect to the class under test. Check if the focal method is correct.
com.google.javascript.jscomp.TypeCheck,@Test(timeout = 4000)
public void test01011() throws Throwable {
    Logger logger0 = Tracer.logger;
    LoggerErrorManager loggerErrorManager0 = new LoggerErrorManager(logger0);
    Compiler compiler0 = new Compiler(loggerErrorManager0);
    CompilerOptions compilerOptions0 = new CompilerOptions();
    DefaultPassConfig defaultPassConfig0 = new DefaultPassConfig(compilerOptions0);
    compiler0.initCompilerOptionsIfTesting();
    TypeCheck typeCheck0 = defaultPassConfig0.makeTypeCheck(compiler0);
    Node node0 = new Node(5, 3021, 36);
    NodeTraversal nodeTraversal0 = new NodeTraversal(compiler0, typeCheck0);
    typeCheck0.visit(nodeTraversal0, node0, node0);
    compiler0.hasErrors();
},WARNING,java.lang.IllegalStateException,[WARNING] - The last statement of the test is part of another class with respect to the class under test. Check if the focal method is correct.
com.google.javascript.jscomp.TypeCheck,@Test(timeout = 4000)
public void test01012() throws Throwable {
    Logger logger0 = Tracer.logger;
    LoggerErrorManager loggerErrorManager0 = new LoggerErrorManager(logger0);
    Compiler compiler0 = new Compiler(loggerErrorManager0);
    CompilerOptions compilerOptions0 = new CompilerOptions();
    DefaultPassConfig defaultPassConfig0 = new DefaultPassConfig(compilerOptions0);
    compiler0.initCompilerOptionsIfTesting();
    TypeCheck typeCheck0 = defaultPassConfig0.makeTypeCheck(compiler0);
    Node node0 = new Node(5, 3021, 36);
    NodeTraversal nodeTraversal0 = new NodeTraversal(compiler0, typeCheck0);
    typeCheck0.visit(nodeTraversal0, node0, node0);
    loggerErrorManager0.getWarningCount();
},WARNING,java.lang.IllegalStateException,[WARNING] - The last statement of the test is part of another class with respect to the class under test. Check if the focal method is correct.
com.google.javascript.jscomp.TypeCheck,@Test(timeout = 4000)
public void test01113() throws Throwable {
    Logger logger0 = Tracer.logger;
    LoggerErrorManager loggerErrorManager0 = new LoggerErrorManager(logger0);
    Compiler compiler0 = new Compiler(loggerErrorManager0);
    CompilerOptions compilerOptions0 = new CompilerOptions();
    DefaultPassConfig defaultPassConfig0 = new DefaultPassConfig(compilerOptions0);
    compiler0.initCompilerOptionsIfTesting();
    TypeCheck typeCheck0 = defaultPassConfig0.makeTypeCheck(compiler0);
    NodeTraversal nodeTraversal0 = new NodeTraversal(compiler0, typeCheck0, (ScopeCreator) null);
    JSTypeRegistry jSTypeRegistry0 = compiler0.getTypeRegistry();
    LinkedList<JSType> linkedList0 = new LinkedList<JSType>();
    Node node0 = jSTypeRegistry0.createParameters((List<JSType>) linkedList0);
    Node node1 = new Node(6, node0);
    typeCheck0.visit(nodeTraversal0, node1, node1);
    compiler0.hasErrors();
},WARNING,java.lang.IllegalStateException,[WARNING] - The last statement of the test is part of another class with respect to the class under test. Check if the focal method is correct.
com.google.javascript.jscomp.TypeCheck,@Test(timeout = 4000)
public void test01114() throws Throwable {
    Logger logger0 = Tracer.logger;
    LoggerErrorManager loggerErrorManager0 = new LoggerErrorManager(logger0);
    Compiler compiler0 = new Compiler(loggerErrorManager0);
    CompilerOptions compilerOptions0 = new CompilerOptions();
    DefaultPassConfig defaultPassConfig0 = new DefaultPassConfig(compilerOptions0);
    compiler0.initCompilerOptionsIfTesting();
    TypeCheck typeCheck0 = defaultPassConfig0.makeTypeCheck(compiler0);
    NodeTraversal nodeTraversal0 = new NodeTraversal(compiler0, typeCheck0, (ScopeCreator) null);
    JSTypeRegistry jSTypeRegistry0 = compiler0.getTypeRegistry();
    LinkedList<JSType> linkedList0 = new LinkedList<JSType>();
    Node node0 = jSTypeRegistry0.createParameters((List<JSType>) linkedList0);
    Node node1 = new Node(6, node0);
    typeCheck0.visit(nodeTraversal0, node1, node1);
    loggerErrorManager0.getErrorCount();
},WARNING,java.lang.IllegalStateException,[WARNING] - The last statement of the test is part of another class with respect to the class under test. Check if the focal method is correct.
com.google.javascript.jscomp.TypeCheck,@Test(timeout = 4000)
public void test01215() throws Throwable {
    Logger logger0 = Tracer.logger;
    LoggerErrorManager loggerErrorManager0 = new LoggerErrorManager(logger0);
    Compiler compiler0 = new Compiler(loggerErrorManager0);
    CompilerOptions compilerOptions0 = new CompilerOptions();
    DefaultPassConfig defaultPassConfig0 = new DefaultPassConfig(compilerOptions0);
    compiler0.initCompilerOptionsIfTesting();
    TypeCheck typeCheck0 = defaultPassConfig0.makeTypeCheck(compiler0);
    NodeTraversal nodeTraversal0 = new NodeTraversal(compiler0, typeCheck0, (ScopeCreator) null);
    Node node0 = new Node(3, (-10), (-10));
    Node node1 = new Node(7, node0, node0);
    typeCheck0.visit(nodeTraversal0, node1, node0);
    compiler0.getErrorCount();
},WARNING,java.lang.IllegalStateException,[WARNING] - The last statement of the test is part of another class with respect to the class under test. Check if the focal method is correct.
com.google.javascript.jscomp.TypeCheck,@Test(timeout = 4000)
public void test01216() throws Throwable {
    Logger logger0 = Tracer.logger;
    LoggerErrorManager loggerErrorManager0 = new LoggerErrorManager(logger0);
    Compiler compiler0 = new Compiler(loggerErrorManager0);
    CompilerOptions compilerOptions0 = new CompilerOptions();
    DefaultPassConfig defaultPassConfig0 = new DefaultPassConfig(compilerOptions0);
    compiler0.initCompilerOptionsIfTesting();
    TypeCheck typeCheck0 = defaultPassConfig0.makeTypeCheck(compiler0);
    NodeTraversal nodeTraversal0 = new NodeTraversal(compiler0, typeCheck0, (ScopeCreator) null);
    Node node0 = new Node(3, (-10), (-10));
    Node node1 = new Node(7, node0, node0);
    typeCheck0.visit(nodeTraversal0, node1, node0);
    loggerErrorManager0.getWarningCount();
},WARNING,java.lang.IllegalStateException,[WARNING] - The last statement of the test is part of another class with respect to the class under test. Check if the focal method is correct.
com.google.javascript.jscomp.TypeCheck,@Test(timeout = 4000)
public void test01317() throws Throwable {
    Logger logger0 = Logger.getAnonymousLogger();
    LoggerErrorManager loggerErrorManager0 = new LoggerErrorManager(logger0);
    Compiler compiler0 = new Compiler(loggerErrorManager0);
    CompilerOptions compilerOptions0 = new CompilerOptions();
    DefaultPassConfig defaultPassConfig0 = new DefaultPassConfig(compilerOptions0);
    compiler0.initCompilerOptionsIfTesting();
    TypeCheck typeCheck0 = defaultPassConfig0.makeTypeCheck(compiler0);
    NodeTraversal nodeTraversal0 = new NodeTraversal(compiler0, typeCheck0, (ScopeCreator) null);
    Node node0 = new Node(8, 49, 76);
    typeCheck0.visit(nodeTraversal0, node0, node0);
    compiler0.getErrorCount();
},WARNING,java.lang.IllegalStateException,[WARNING] - The last statement of the test is part of another class with respect to the class under test. Check if the focal method is correct.
com.google.javascript.jscomp.TypeCheck,@Test(timeout = 4000)
public void test01318() throws Throwable {
    Logger logger0 = Logger.getAnonymousLogger();
    LoggerErrorManager loggerErrorManager0 = new LoggerErrorManager(logger0);
    Compiler compiler0 = new Compiler(loggerErrorManager0);
    CompilerOptions compilerOptions0 = new CompilerOptions();
    DefaultPassConfig defaultPassConfig0 = new DefaultPassConfig(compilerOptions0);
    compiler0.initCompilerOptionsIfTesting();
    TypeCheck typeCheck0 = defaultPassConfig0.makeTypeCheck(compiler0);
    NodeTraversal nodeTraversal0 = new NodeTraversal(compiler0, typeCheck0, (ScopeCreator) null);
    Node node0 = new Node(8, 49, 76);
    typeCheck0.visit(nodeTraversal0, node0, node0);
    loggerErrorManager0.getWarningCount();
},WARNING,java.lang.IllegalStateException,[WARNING] - The last statement of the test is part of another class with respect to the class under test. Check if the focal method is correct.
com.google.javascript.jscomp.TypeCheck,@Test(timeout = 4000)
public void test01823() throws Throwable {
    Logger logger0 = Tracer.logger;
    LoggerErrorManager loggerErrorManager0 = new LoggerErrorManager(logger0);
    Compiler compiler0 = new Compiler(loggerErrorManager0);
    CompilerOptions compilerOptions0 = new CompilerOptions();
    DefaultPassConfig defaultPassConfig0 = new DefaultPassConfig(compilerOptions0);
    compiler0.initCompilerOptionsIfTesting();
    TypeCheck typeCheck0 = defaultPassConfig0.makeTypeCheck(compiler0);
    NodeTraversal nodeTraversal0 = new NodeTraversal(compiler0, typeCheck0, (ScopeCreator) null);
    Node node0 = new Node(100, 2505, 100);
    Node node1 = new Node(14, node0, node0);
    typeCheck0.visit(nodeTraversal0, node1, node0);
    node0.isLocalResultCall();
},WARNING,java.lang.IllegalStateException,[WARNING] - The last statement of the test is part of another class with respect to the class under test. Check if the focal method is correct.
com.google.javascript.jscomp.TypeCheck,@Test(timeout = 4000)
public void test02227() throws Throwable {
    Logger logger0 = Tracer.logger;
    LoggerErrorManager loggerErrorManager0 = new LoggerErrorManager(logger0);
    Compiler compiler0 = new Compiler(loggerErrorManager0);
    CompilerOptions compilerOptions0 = new CompilerOptions();
    DefaultPassConfig defaultPassConfig0 = new DefaultPassConfig(compilerOptions0);
    compiler0.initCompilerOptionsIfTesting();
    TypeCheck typeCheck0 = defaultPassConfig0.makeTypeCheck(compiler0);
    NodeTraversal nodeTraversal0 = new NodeTraversal(compiler0, typeCheck0, (ScopeCreator) null);
    Node node0 = new Node(7948, 1597, 3);
    Node node1 = new Node(18, node0, node0);
    typeCheck0.visit(nodeTraversal0, node1, node0);
    compiler0.getWarningCount();
},WARNING,java.lang.IllegalStateException,[WARNING] - The last statement of the test is part of another class with respect to the class under test. Check if the focal method is correct.
com.google.javascript.jscomp.TypeCheck,@Test(timeout = 4000)
public void test02228() throws Throwable {
    Logger logger0 = Tracer.logger;
    LoggerErrorManager loggerErrorManager0 = new LoggerErrorManager(logger0);
    Compiler compiler0 = new Compiler(loggerErrorManager0);
    CompilerOptions compilerOptions0 = new CompilerOptions();
    DefaultPassConfig defaultPassConfig0 = new DefaultPassConfig(compilerOptions0);
    compiler0.initCompilerOptionsIfTesting();
    TypeCheck typeCheck0 = defaultPassConfig0.makeTypeCheck(compiler0);
    NodeTraversal nodeTraversal0 = new NodeTraversal(compiler0, typeCheck0, (ScopeCreator) null);
    Node node0 = new Node(7948, 1597, 3);
    Node node1 = new Node(18, node0, node0);
    typeCheck0.visit(nodeTraversal0, node1, node0);
    compiler0.hasErrors();
},WARNING,java.lang.IllegalStateException,[WARNING] - The last statement of the test is part of another class with respect to the class under test. Check if the focal method is correct.
com.google.javascript.jscomp.TypeCheck,@Test(timeout = 4000)
public void test02229() throws Throwable {
    Logger logger0 = Tracer.logger;
    LoggerErrorManager loggerErrorManager0 = new LoggerErrorManager(logger0);
    Compiler compiler0 = new Compiler(loggerErrorManager0);
    CompilerOptions compilerOptions0 = new CompilerOptions();
    DefaultPassConfig defaultPassConfig0 = new DefaultPassConfig(compilerOptions0);
    compiler0.initCompilerOptionsIfTesting();
    TypeCheck typeCheck0 = defaultPassConfig0.makeTypeCheck(compiler0);
    NodeTraversal nodeTraversal0 = new NodeTraversal(compiler0, typeCheck0, (ScopeCreator) null);
    Node node0 = new Node(7948, 1597, 3);
    Node node1 = new Node(18, node0, node0);
    typeCheck0.visit(nodeTraversal0, node1, node0);
    loggerErrorManager0.getWarningCount();
},WARNING,java.lang.IllegalStateException,[WARNING] - The last statement of the test is part of another class with respect to the class under test. Check if the focal method is correct.
com.google.javascript.jscomp.TypeCheck,@Test(timeout = 4000)
public void test02330() throws Throwable {
    Logger logger0 = Tracer.logger;
    LoggerErrorManager loggerErrorManager0 = new LoggerErrorManager(logger0);
    Compiler compiler0 = new Compiler(loggerErrorManager0);
    CompilerOptions compilerOptions0 = new CompilerOptions();
    DefaultPassConfig defaultPassConfig0 = new DefaultPassConfig(compilerOptions0);
    compiler0.initCompilerOptionsIfTesting();
    TypeCheck typeCheck0 = defaultPassConfig0.makeTypeCheck(compiler0);
    Denormalize denormalize0 = new Denormalize(compiler0);
    NodeTraversal nodeTraversal0 = new NodeTraversal(compiler0, denormalize0, (ScopeCreator) null);
    Node node0 = Node.newNumber(1.0, 136, 123);
    Node node1 = new Node(19, node0, node0, node0, node0, 26, 32);
    typeCheck0.visit(nodeTraversal0, node1, node1);
    compiler0.getWarningCount();
},WARNING,java.lang.IllegalStateException,[WARNING] - The last statement of the test is part of another class with respect to the class under test. Check if the focal method is correct.
com.google.javascript.jscomp.TypeCheck,@Test(timeout = 4000)
public void test02331() throws Throwable {
    Logger logger0 = Tracer.logger;
    LoggerErrorManager loggerErrorManager0 = new LoggerErrorManager(logger0);
    Compiler compiler0 = new Compiler(loggerErrorManager0);
    CompilerOptions compilerOptions0 = new CompilerOptions();
    DefaultPassConfig defaultPassConfig0 = new DefaultPassConfig(compilerOptions0);
    compiler0.initCompilerOptionsIfTesting();
    TypeCheck typeCheck0 = defaultPassConfig0.makeTypeCheck(compiler0);
    Denormalize denormalize0 = new Denormalize(compiler0);
    NodeTraversal nodeTraversal0 = new NodeTraversal(compiler0, denormalize0, (ScopeCreator) null);
    Node node0 = Node.newNumber(1.0, 136, 123);
    Node node1 = new Node(19, node0, node0, node0, node0, 26, 32);
    typeCheck0.visit(nodeTraversal0, node1, node1);
    compiler0.getErrorCount();
},WARNING,java.lang.IllegalStateException,[WARNING] - The last statement of the test is part of another class with respect to the class under test. Check if the focal method is correct.
com.google.javascript.jscomp.TypeCheck,@Test(timeout = 4000)
public void test02332() throws Throwable {
    Logger logger0 = Tracer.logger;
    LoggerErrorManager loggerErrorManager0 = new LoggerErrorManager(logger0);
    Compiler compiler0 = new Compiler(loggerErrorManager0);
    CompilerOptions compilerOptions0 = new CompilerOptions();
    DefaultPassConfig defaultPassConfig0 = new DefaultPassConfig(compilerOptions0);
    compiler0.initCompilerOptionsIfTesting();
    TypeCheck typeCheck0 = defaultPassConfig0.makeTypeCheck(compiler0);
    Denormalize denormalize0 = new Denormalize(compiler0);
    NodeTraversal nodeTraversal0 = new NodeTraversal(compiler0, denormalize0, (ScopeCreator) null);
    Node node0 = Node.newNumber(1.0, 136, 123);
    Node node1 = new Node(19, node0, node0, node0, node0, 26, 32);
    typeCheck0.visit(nodeTraversal0, node1, node1);
    loggerErrorManager0.getErrorCount();
},WARNING,java.lang.IllegalStateException,[WARNING] - The last statement of the test is part of another class with respect to the class under test. Check if the focal method is correct.
com.google.javascript.jscomp.TypeCheck,@Test(timeout = 4000)
public void test02635() throws Throwable {
    Logger logger0 = Tracer.logger;
    LoggerErrorManager loggerErrorManager0 = new LoggerErrorManager(logger0);
    Compiler compiler0 = new Compiler(loggerErrorManager0);
    CompilerOptions compilerOptions0 = new CompilerOptions();
    compiler0.initCompilerOptionsIfTesting();
    Denormalize denormalize0 = new Denormalize(compiler0);
    NodeTraversal nodeTraversal0 = new NodeTraversal(compiler0, denormalize0, (ScopeCreator) null);
    Node node0 = Node.newNumber((-6917.435723014053), 123, (-2508));
    ReverseAbstractInterpreter reverseAbstractInterpreter0 = compiler0.getReverseAbstractInterpreter();
    TightenTypes tightenTypes0 = new TightenTypes(compiler0);
    JSTypeRegistry jSTypeRegistry0 = tightenTypes0.getTypeRegistry();
    TypeCheck typeCheck0 = new TypeCheck(compiler0, reverseAbstractInterpreter0, jSTypeRegistry0, compilerOptions0.checkUnreachableCode, compilerOptions0.brokenClosureRequiresLevel);
    Node node1 = new Node(24, node0, node0, node0, node0, 139, 37);
    typeCheck0.visit(nodeTraversal0, node1, node1);
    compiler0.getErrorCount();
},WARNING,java.lang.IllegalStateException,[WARNING] - The last statement of the test is part of another class with respect to the class under test. Check if the focal method is correct.
com.google.javascript.jscomp.TypeCheck,@Test(timeout = 4000)
public void test02636() throws Throwable {
    Logger logger0 = Tracer.logger;
    LoggerErrorManager loggerErrorManager0 = new LoggerErrorManager(logger0);
    Compiler compiler0 = new Compiler(loggerErrorManager0);
    CompilerOptions compilerOptions0 = new CompilerOptions();
    compiler0.initCompilerOptionsIfTesting();
    Denormalize denormalize0 = new Denormalize(compiler0);
    NodeTraversal nodeTraversal0 = new NodeTraversal(compiler0, denormalize0, (ScopeCreator) null);
    Node node0 = Node.newNumber((-6917.435723014053), 123, (-2508));
    ReverseAbstractInterpreter reverseAbstractInterpreter0 = compiler0.getReverseAbstractInterpreter();
    TightenTypes tightenTypes0 = new TightenTypes(compiler0);
    JSTypeRegistry jSTypeRegistry0 = tightenTypes0.getTypeRegistry();
    TypeCheck typeCheck0 = new TypeCheck(compiler0, reverseAbstractInterpreter0, jSTypeRegistry0, compilerOptions0.checkUnreachableCode, compilerOptions0.brokenClosureRequiresLevel);
    Node node1 = new Node(24, node0, node0, node0, node0, 139, 37);
    typeCheck0.visit(nodeTraversal0, node1, node1);
    loggerErrorManager0.getErrorCount();
},WARNING,java.lang.IllegalStateException,[WARNING] - The last statement of the test is part of another class with respect to the class under test. Check if the focal method is correct.
com.google.javascript.jscomp.TypeCheck,@Test(timeout = 4000)
public void test03343() throws Throwable {
    Compiler compiler0 = new Compiler();
    CompilerOptions compilerOptions0 = new CompilerOptions();
    DefaultPassConfig defaultPassConfig0 = new DefaultPassConfig(compilerOptions0);
    compiler0.initCompilerOptionsIfTesting();
    TypeCheck typeCheck0 = defaultPassConfig0.makeTypeCheck(compiler0);
    NodeTraversal nodeTraversal0 = new NodeTraversal(compiler0, typeCheck0, (ScopeCreator) null);
    JSTypeRegistry jSTypeRegistry0 = compiler0.getTypeRegistry();
    Vector<JSType> vector0 = new Vector<JSType>();
    Node node0 = jSTypeRegistry0.createParameters((List<JSType>) vector0);
    Node node1 = new Node(31, node0, 144, (-1164));
    typeCheck0.visit(nodeTraversal0, node1, node0);
    compiler0.getWarningCount();
},WARNING,java.lang.IllegalStateException,[WARNING] - The last statement of the test is part of another class with respect to the class under test. Check if the focal method is correct.
com.google.javascript.jscomp.TypeCheck,@Test(timeout = 4000)
public void test03344() throws Throwable {
    Compiler compiler0 = new Compiler();
    CompilerOptions compilerOptions0 = new CompilerOptions();
    DefaultPassConfig defaultPassConfig0 = new DefaultPassConfig(compilerOptions0);
    compiler0.initCompilerOptionsIfTesting();
    TypeCheck typeCheck0 = defaultPassConfig0.makeTypeCheck(compiler0);
    NodeTraversal nodeTraversal0 = new NodeTraversal(compiler0, typeCheck0, (ScopeCreator) null);
    JSTypeRegistry jSTypeRegistry0 = compiler0.getTypeRegistry();
    Vector<JSType> vector0 = new Vector<JSType>();
    Node node0 = jSTypeRegistry0.createParameters((List<JSType>) vector0);
    Node node1 = new Node(31, node0, 144, (-1164));
    typeCheck0.visit(nodeTraversal0, node1, node0);
    compiler0.hasErrors();
},WARNING,java.lang.IllegalStateException,[WARNING] - The last statement of the test is part of another class with respect to the class under test. Check if the focal method is correct.
com.google.javascript.jscomp.TypeCheck,@Test(timeout = 4000)
public void test03445() throws Throwable {
    Logger logger0 = Tracer.logger;
    LoggerErrorManager loggerErrorManager0 = new LoggerErrorManager(logger0);
    CompilerOptions compilerOptions0 = new CompilerOptions();
    DefaultPassConfig defaultPassConfig0 = new DefaultPassConfig(compilerOptions0);
    Compiler compiler0 = new Compiler(loggerErrorManager0);
    compiler0.initCompilerOptionsIfTesting();
    TypeCheck typeCheck0 = defaultPassConfig0.makeTypeCheck(compiler0);
    Node node0 = Node.newString(142, ""7ei2["");
    Node node1 = new Node(32, 16, 132);
    NodeTraversal nodeTraversal0 = new NodeTraversal(compiler0, typeCheck0);
    typeCheck0.visit(nodeTraversal0, node1, node0);
    compiler0.hasErrors();
},WARNING,java.lang.IllegalStateException,[WARNING] - The last statement of the test is part of another class with respect to the class under test. Check if the focal method is correct.
com.google.javascript.jscomp.TypeCheck,@Test(timeout = 4000)
public void test03446() throws Throwable {
    Logger logger0 = Tracer.logger;
    LoggerErrorManager loggerErrorManager0 = new LoggerErrorManager(logger0);
    CompilerOptions compilerOptions0 = new CompilerOptions();
    DefaultPassConfig defaultPassConfig0 = new DefaultPassConfig(compilerOptions0);
    Compiler compiler0 = new Compiler(loggerErrorManager0);
    compiler0.initCompilerOptionsIfTesting();
    TypeCheck typeCheck0 = defaultPassConfig0.makeTypeCheck(compiler0);
    Node node0 = Node.newString(142, ""7ei2["");
    Node node1 = new Node(32, 16, 132);
    NodeTraversal nodeTraversal0 = new NodeTraversal(compiler0, typeCheck0);
    typeCheck0.visit(nodeTraversal0, node1, node0);
    loggerErrorManager0.getErrorCount();
},WARNING,java.lang.IllegalStateException,[WARNING] - The last statement of the test is part of another class with respect to the class under test. Check if the focal method is correct.
com.google.javascript.jscomp.TypeCheck,@Test(timeout = 4000)
public void test03648() throws Throwable {
    Compiler compiler0 = new Compiler();
    CompilerOptions compilerOptions0 = new CompilerOptions();
    DefaultPassConfig defaultPassConfig0 = new DefaultPassConfig(compilerOptions0);
    compiler0.initCompilerOptionsIfTesting();
    TypeCheck typeCheck0 = defaultPassConfig0.makeTypeCheck(compiler0);
    NodeTraversal nodeTraversal0 = new NodeTraversal(compiler0, typeCheck0, (ScopeCreator) null);
    Node node0 = new Node(34, 280, 153);
    typeCheck0.visit(nodeTraversal0, node0, node0);
    compiler0.getErrorCount();
},WARNING,java.lang.IllegalStateException,[WARNING] - The last statement of the test is part of another class with respect to the class under test. Check if the focal method is correct.
com.google.javascript.jscomp.TypeCheck,@Test(timeout = 4000)
public void test03649() throws Throwable {
    Compiler compiler0 = new Compiler();
    CompilerOptions compilerOptions0 = new CompilerOptions();
    DefaultPassConfig defaultPassConfig0 = new DefaultPassConfig(compilerOptions0);
    compiler0.initCompilerOptionsIfTesting();
    TypeCheck typeCheck0 = defaultPassConfig0.makeTypeCheck(compiler0);
    NodeTraversal nodeTraversal0 = new NodeTraversal(compiler0, typeCheck0, (ScopeCreator) null);
    Node node0 = new Node(34, 280, 153);
    typeCheck0.visit(nodeTraversal0, node0, node0);
    compiler0.getWarningCount();
},WARNING,java.lang.IllegalStateException,[WARNING] - The last statement of the test is part of another class with respect to the class under test. Check if the focal method is correct.
com.google.javascript.jscomp.TypeCheck,@Test(timeout = 4000)
public void test03851() throws Throwable {
    Logger logger0 = Tracer.logger;
    LoggerErrorManager loggerErrorManager0 = new LoggerErrorManager(logger0);
    Compiler compiler0 = new Compiler(loggerErrorManager0);
    CompilerOptions compilerOptions0 = new CompilerOptions();
    DefaultPassConfig defaultPassConfig0 = new DefaultPassConfig(compilerOptions0);
    compiler0.initCompilerOptionsIfTesting();
    TypeCheck typeCheck0 = defaultPassConfig0.makeTypeCheck(compiler0);
    UnreachableCodeElimination unreachableCodeElimination0 = new UnreachableCodeElimination(compiler0, false);
    NodeTraversal nodeTraversal0 = new NodeTraversal(compiler0, unreachableCodeElimination0, (ScopeCreator) null);
    Node node0 = new Node(870, 139, 3);
    Node node1 = new Node(37, node0, node0);
    typeCheck0.visit(nodeTraversal0, node1, node0);
    boolean boolean0 = typeCheck0.visitName(nodeTraversal0, node1, node1);
    compiler0.getWarningCount();
},WARNING,java.lang.IllegalStateException,[WARNING] - The last statement of the test is part of another class with respect to the class under test. Check if the focal method is correct.
com.google.javascript.jscomp.TypeCheck,@Test(timeout = 4000)
public void test03853() throws Throwable {
    Logger logger0 = Tracer.logger;
    LoggerErrorManager loggerErrorManager0 = new LoggerErrorManager(logger0);
    Compiler compiler0 = new Compiler(loggerErrorManager0);
    CompilerOptions compilerOptions0 = new CompilerOptions();
    DefaultPassConfig defaultPassConfig0 = new DefaultPassConfig(compilerOptions0);
    compiler0.initCompilerOptionsIfTesting();
    TypeCheck typeCheck0 = defaultPassConfig0.makeTypeCheck(compiler0);
    UnreachableCodeElimination unreachableCodeElimination0 = new UnreachableCodeElimination(compiler0, false);
    NodeTraversal nodeTraversal0 = new NodeTraversal(compiler0, unreachableCodeElimination0, (ScopeCreator) null);
    Node node0 = new Node(870, 139, 3);
    Node node1 = new Node(37, node0, node0);
    typeCheck0.visit(nodeTraversal0, node1, node0);
    boolean boolean0 = typeCheck0.visitName(nodeTraversal0, node1, node1);
    compiler0.hasErrors();
},WARNING,java.lang.IllegalStateException,[WARNING] - The last statement of the test is part of another class with respect to the class under test. Check if the focal method is correct.
com.google.javascript.jscomp.TypeCheck,@Test(timeout = 4000)
public void test04055() throws Throwable {
    Compiler compiler0 = new Compiler();
    CompilerOptions compilerOptions0 = new CompilerOptions();
    DefaultPassConfig defaultPassConfig0 = new DefaultPassConfig(compilerOptions0);
    compiler0.initCompilerOptionsIfTesting();
    TypeCheck typeCheck0 = defaultPassConfig0.makeTypeCheck(compiler0);
    Node node0 = Node.newString(""com.google.common.collect.SingletonImmutableList$1"", (-1270), 0);
    Node node1 = new Node(12, node0, 562, (-1));
    Scope scope0 = typeCheck0.processForTesting(node0, node0);
    scope0.getVarCount();
},WARNING,java.lang.IllegalStateException,[WARNING] - The last statement of the test is part of another class with respect to the class under test. Check if the focal method is correct.
com.google.javascript.jscomp.TypeCheck,@Test(timeout = 4000)
public void test04762() throws Throwable {
    Logger logger0 = Tracer.logger;
    LoggerErrorManager loggerErrorManager0 = new LoggerErrorManager(logger0);
    Compiler compiler0 = new Compiler(loggerErrorManager0);
    CompilerOptions compilerOptions0 = new CompilerOptions();
    DefaultPassConfig defaultPassConfig0 = new DefaultPassConfig(compilerOptions0);
    compiler0.initCompilerOptionsIfTesting();
    TypeCheck typeCheck0 = defaultPassConfig0.makeTypeCheck(compiler0);
    NodeTraversal nodeTraversal0 = new NodeTraversal(compiler0, typeCheck0, (ScopeCreator) null);
    Node node0 = Node.newString(48, ""8^8S&"", 16, 14);
    typeCheck0.visit(nodeTraversal0, node0, node0);
    compiler0.hasErrors();
},WARNING,java.lang.IllegalStateException,[WARNING] - The last statement of the test is part of another class with respect to the class under test. Check if the focal method is correct.
com.google.javascript.jscomp.TypeCheck,@Test(timeout = 4000)
public void test04763() throws Throwable {
    Logger logger0 = Tracer.logger;
    LoggerErrorManager loggerErrorManager0 = new LoggerErrorManager(logger0);
    Compiler compiler0 = new Compiler(loggerErrorManager0);
    CompilerOptions compilerOptions0 = new CompilerOptions();
    DefaultPassConfig defaultPassConfig0 = new DefaultPassConfig(compilerOptions0);
    compiler0.initCompilerOptionsIfTesting();
    TypeCheck typeCheck0 = defaultPassConfig0.makeTypeCheck(compiler0);
    NodeTraversal nodeTraversal0 = new NodeTraversal(compiler0, typeCheck0, (ScopeCreator) null);
    Node node0 = Node.newString(48, ""8^8S&"", 16, 14);
    typeCheck0.visit(nodeTraversal0, node0, node0);
    loggerErrorManager0.getErrorCount();
},WARNING,java.lang.IllegalStateException,[WARNING] - The last statement of the test is part of another class with respect to the class under test. Check if the focal method is correct.
com.google.javascript.jscomp.TypeCheck,@Test(timeout = 4000)
public void test04965() throws Throwable {
    Logger logger0 = Logger.getAnonymousLogger();
    LoggerErrorManager loggerErrorManager0 = new LoggerErrorManager(logger0);
    Compiler compiler0 = new Compiler(loggerErrorManager0);
    CompilerOptions compilerOptions0 = new CompilerOptions();
    DefaultPassConfig defaultPassConfig0 = new DefaultPassConfig(compilerOptions0);
    compiler0.initCompilerOptionsIfTesting();
    TypeCheck typeCheck0 = defaultPassConfig0.makeTypeCheck(compiler0);
    Node node0 = new Node(50, 111, 111);
    SyntacticScopeCreator syntacticScopeCreator0 = new SyntacticScopeCreator(compiler0);
    NodeTraversal nodeTraversal0 = new NodeTraversal(compiler0, typeCheck0, syntacticScopeCreator0);
    typeCheck0.visit(nodeTraversal0, node0, node0);
    compiler0.hasErrors();
},WARNING,java.lang.IllegalStateException,[WARNING] - The last statement of the test is part of another class with respect to the class under test. Check if the focal method is correct.
com.google.javascript.jscomp.TypeCheck,@Test(timeout = 4000)
public void test04966() throws Throwable {
    Logger logger0 = Logger.getAnonymousLogger();
    LoggerErrorManager loggerErrorManager0 = new LoggerErrorManager(logger0);
    Compiler compiler0 = new Compiler(loggerErrorManager0);
    CompilerOptions compilerOptions0 = new CompilerOptions();
    DefaultPassConfig defaultPassConfig0 = new DefaultPassConfig(compilerOptions0);
    compiler0.initCompilerOptionsIfTesting();
    TypeCheck typeCheck0 = defaultPassConfig0.makeTypeCheck(compiler0);
    Node node0 = new Node(50, 111, 111);
    SyntacticScopeCreator syntacticScopeCreator0 = new SyntacticScopeCreator(compiler0);
    NodeTraversal nodeTraversal0 = new NodeTraversal(compiler0, typeCheck0, syntacticScopeCreator0);
    typeCheck0.visit(nodeTraversal0, node0, node0);
    loggerErrorManager0.getErrorCount();
},WARNING,java.lang.IllegalStateException,[WARNING] - The last statement of the test is part of another class with respect to the class under test. Check if the focal method is correct.
com.google.javascript.jscomp.TypeCheck,@Test(timeout = 4000)
public void test05067() throws Throwable {
    Logger logger0 = Tracer.logger;
    LoggerErrorManager loggerErrorManager0 = new LoggerErrorManager(logger0);
    Compiler compiler0 = new Compiler(loggerErrorManager0);
    CompilerOptions compilerOptions0 = new CompilerOptions();
    DefaultPassConfig defaultPassConfig0 = new DefaultPassConfig(compilerOptions0);
    compiler0.initCompilerOptionsIfTesting();
    TypeCheck typeCheck0 = defaultPassConfig0.makeTypeCheck(compiler0);
    NodeTraversal nodeTraversal0 = new NodeTraversal(compiler0, typeCheck0, (ScopeCreator) null);
    Node node0 = new Node(61, 130, 61);
    typeCheck0.visit(nodeTraversal0, node0, node0);
    compiler0.hasErrors();
},WARNING,java.lang.IllegalStateException,[WARNING] - The last statement of the test is part of another class with respect to the class under test. Check if the focal method is correct.
com.google.javascript.jscomp.TypeCheck,@Test(timeout = 4000)
public void test05068() throws Throwable {
    Logger logger0 = Tracer.logger;
    LoggerErrorManager loggerErrorManager0 = new LoggerErrorManager(logger0);
    Compiler compiler0 = new Compiler(loggerErrorManager0);
    CompilerOptions compilerOptions0 = new CompilerOptions();
    DefaultPassConfig defaultPassConfig0 = new DefaultPassConfig(compilerOptions0);
    compiler0.initCompilerOptionsIfTesting();
    TypeCheck typeCheck0 = defaultPassConfig0.makeTypeCheck(compiler0);
    NodeTraversal nodeTraversal0 = new NodeTraversal(compiler0, typeCheck0, (ScopeCreator) null);
    Node node0 = new Node(61, 130, 61);
    typeCheck0.visit(nodeTraversal0, node0, node0);
    loggerErrorManager0.getErrorCount();
},WARNING,java.lang.IllegalStateException,[WARNING] - The last statement of the test is part of another class with respect to the class under test. Check if the focal method is correct.
com.google.javascript.jscomp.TypeCheck,@Test(timeout = 4000)
public void test05169() throws Throwable {
    Logger logger0 = Tracer.logger;
    LoggerErrorManager loggerErrorManager0 = new LoggerErrorManager(logger0);
    Compiler compiler0 = new Compiler(loggerErrorManager0);
    CompilerOptions compilerOptions0 = new CompilerOptions();
    DefaultPassConfig defaultPassConfig0 = new DefaultPassConfig(compilerOptions0);
    compiler0.initCompilerOptionsIfTesting();
    TypeCheck typeCheck0 = defaultPassConfig0.makeTypeCheck(compiler0);
    NodeTraversal nodeTraversal0 = new NodeTraversal(compiler0, typeCheck0, (ScopeCreator) null);
    Node node0 = new Node(62, 28, 23);
    typeCheck0.visit(nodeTraversal0, node0, node0);
    compiler0.hasErrors();
},WARNING,java.lang.IllegalStateException,[WARNING] - The last statement of the test is part of another class with respect to the class under test. Check if the focal method is correct.
com.google.javascript.jscomp.TypeCheck,@Test(timeout = 4000)
public void test05170() throws Throwable {
    Logger logger0 = Tracer.logger;
    LoggerErrorManager loggerErrorManager0 = new LoggerErrorManager(logger0);
    Compiler compiler0 = new Compiler(loggerErrorManager0);
    CompilerOptions compilerOptions0 = new CompilerOptions();
    DefaultPassConfig defaultPassConfig0 = new DefaultPassConfig(compilerOptions0);
    compiler0.initCompilerOptionsIfTesting();
    TypeCheck typeCheck0 = defaultPassConfig0.makeTypeCheck(compiler0);
    NodeTraversal nodeTraversal0 = new NodeTraversal(compiler0, typeCheck0, (ScopeCreator) null);
    Node node0 = new Node(62, 28, 23);
    typeCheck0.visit(nodeTraversal0, node0, node0);
    loggerErrorManager0.getWarningCount();
},WARNING,java.lang.IllegalStateException,[WARNING] - The last statement of the test is part of another class with respect to the class under test. Check if the focal method is correct.
com.google.javascript.jscomp.TypeCheck,@Test(timeout = 4000)
public void test05271() throws Throwable {
    Logger logger0 = Tracer.logger;
    LoggerErrorManager loggerErrorManager0 = new LoggerErrorManager(logger0);
    Compiler compiler0 = new Compiler(loggerErrorManager0);
    CompilerOptions compilerOptions0 = new CompilerOptions();
    DefaultPassConfig defaultPassConfig0 = new DefaultPassConfig(compilerOptions0);
    compiler0.initCompilerOptionsIfTesting();
    TypeCheck typeCheck0 = defaultPassConfig0.makeTypeCheck(compiler0);
    NodeTraversal nodeTraversal0 = new NodeTraversal(compiler0, typeCheck0, (ScopeCreator) null);
    Node node0 = new Node(64, 50, 23);
    typeCheck0.visit(nodeTraversal0, node0, node0);
    node0.isLocalResultCall();
},WARNING,java.lang.IllegalStateException,[WARNING] - The last statement of the test is part of another class with respect to the class under test. Check if the focal method is correct.
com.google.javascript.jscomp.TypeCheck,@Test(timeout = 4000)
public void test05372() throws Throwable {
    Logger logger0 = Tracer.logger;
    LoggerErrorManager loggerErrorManager0 = new LoggerErrorManager(logger0);
    Compiler compiler0 = new Compiler(loggerErrorManager0);
    CompilerOptions compilerOptions0 = new CompilerOptions();
    DefaultPassConfig defaultPassConfig0 = new DefaultPassConfig(compilerOptions0);
    compiler0.initCompilerOptionsIfTesting();
    TypeCheck typeCheck0 = defaultPassConfig0.makeTypeCheck(compiler0);
    Node node0 = new Node(66, 123, 123);
    NodeTraversal nodeTraversal0 = new NodeTraversal(compiler0, typeCheck0);
    typeCheck0.visit(nodeTraversal0, node0, node0);
    compiler0.hasErrors();
},WARNING,java.lang.IllegalStateException,[WARNING] - The last statement of the test is part of another class with respect to the class under test. Check if the focal method is correct.
com.google.javascript.jscomp.TypeCheck,@Test(timeout = 4000)
public void test05373() throws Throwable {
    Logger logger0 = Tracer.logger;
    LoggerErrorManager loggerErrorManager0 = new LoggerErrorManager(logger0);
    Compiler compiler0 = new Compiler(loggerErrorManager0);
    CompilerOptions compilerOptions0 = new CompilerOptions();
    DefaultPassConfig defaultPassConfig0 = new DefaultPassConfig(compilerOptions0);
    compiler0.initCompilerOptionsIfTesting();
    TypeCheck typeCheck0 = defaultPassConfig0.makeTypeCheck(compiler0);
    Node node0 = new Node(66, 123, 123);
    NodeTraversal nodeTraversal0 = new NodeTraversal(compiler0, typeCheck0);
    typeCheck0.visit(nodeTraversal0, node0, node0);
    loggerErrorManager0.getErrorCount();
},WARNING,java.lang.IllegalStateException,[WARNING] - The last statement of the test is part of another class with respect to the class under test. Check if the focal method is correct.
com.google.javascript.jscomp.TypeCheck,@Test(timeout = 4000)
public void test05474() throws Throwable {
    Logger logger0 = Tracer.logger;
    LoggerErrorManager loggerErrorManager0 = new LoggerErrorManager(logger0);
    Compiler compiler0 = new Compiler(loggerErrorManager0);
    CompilerOptions compilerOptions0 = new CompilerOptions();
    DefaultPassConfig defaultPassConfig0 = new DefaultPassConfig(compilerOptions0);
    compiler0.initCompilerOptionsIfTesting();
    TypeCheck typeCheck0 = defaultPassConfig0.makeTypeCheck(compiler0);
    NodeTraversal nodeTraversal0 = new NodeTraversal(compiler0, typeCheck0, (ScopeCreator) null);
    Node node0 = new Node(70, 7960, 113);
    typeCheck0.visit(nodeTraversal0, node0, node0);
    compiler0.getErrorCount();
},WARNING,java.lang.IllegalStateException,[WARNING] - The last statement of the test is part of another class with respect to the class under test. Check if the focal method is correct.
com.google.javascript.jscomp.TypeCheck,@Test(timeout = 4000)
public void test05475() throws Throwable {
    Logger logger0 = Tracer.logger;
    LoggerErrorManager loggerErrorManager0 = new LoggerErrorManager(logger0);
    Compiler compiler0 = new Compiler(loggerErrorManager0);
    CompilerOptions compilerOptions0 = new CompilerOptions();
    DefaultPassConfig defaultPassConfig0 = new DefaultPassConfig(compilerOptions0);
    compiler0.initCompilerOptionsIfTesting();
    TypeCheck typeCheck0 = defaultPassConfig0.makeTypeCheck(compiler0);
    NodeTraversal nodeTraversal0 = new NodeTraversal(compiler0, typeCheck0, (ScopeCreator) null);
    Node node0 = new Node(70, 7960, 113);
    typeCheck0.visit(nodeTraversal0, node0, node0);
    loggerErrorManager0.getErrorCount();
},WARNING,java.lang.IllegalStateException,[WARNING] - The last statement of the test is part of another class with respect to the class under test. Check if the focal method is correct.
com.google.javascript.jscomp.TypeCheck,@Test(timeout = 4000)
public void test05576() throws Throwable {
    Compiler compiler0 = new Compiler();
    CompilerOptions compilerOptions0 = new CompilerOptions();
    DefaultPassConfig defaultPassConfig0 = new DefaultPassConfig(compilerOptions0);
    compiler0.initCompilerOptionsIfTesting();
    TypeCheck typeCheck0 = defaultPassConfig0.makeTypeCheck(compiler0);
    Node node0 = Node.newString(75, ""// Input %num%"");
    NodeTraversal nodeTraversal0 = new NodeTraversal(compiler0, typeCheck0, (ScopeCreator) null);
    typeCheck0.visit(nodeTraversal0, node0, node0);
    compiler0.hasErrors();
},WARNING,java.lang.IllegalStateException,[WARNING] - The last statement of the test is part of another class with respect to the class under test. Check if the focal method is correct.
com.google.javascript.jscomp.TypeCheck,@Test(timeout = 4000)
public void test05577() throws Throwable {
    Compiler compiler0 = new Compiler();
    CompilerOptions compilerOptions0 = new CompilerOptions();
    DefaultPassConfig defaultPassConfig0 = new DefaultPassConfig(compilerOptions0);
    compiler0.initCompilerOptionsIfTesting();
    TypeCheck typeCheck0 = defaultPassConfig0.makeTypeCheck(compiler0);
    Node node0 = Node.newString(75, ""// Input %num%"");
    NodeTraversal nodeTraversal0 = new NodeTraversal(compiler0, typeCheck0, (ScopeCreator) null);
    typeCheck0.visit(nodeTraversal0, node0, node0);
    compiler0.getErrorCount();
},WARNING,java.lang.IllegalStateException,[WARNING] - The last statement of the test is part of another class with respect to the class under test. Check if the focal method is correct.
com.google.javascript.jscomp.TypeCheck,@Test(timeout = 4000)
public void test05779() throws Throwable {
    Compiler compiler0 = new Compiler();
    CompilerOptions compilerOptions0 = new CompilerOptions();
    DefaultPassConfig defaultPassConfig0 = new DefaultPassConfig(compilerOptions0);
    compiler0.initCompilerOptionsIfTesting();
    TypeCheck typeCheck0 = defaultPassConfig0.makeTypeCheck(compiler0);
    Node node0 = new Node(79, 15, 29);
    ClosureCodingConvention closureCodingConvention0 = (ClosureCodingConvention) compiler0.defaultCodingConvention;
    TypedScopeCreator typedScopeCreator0 = new TypedScopeCreator(compiler0, closureCodingConvention0);
    NodeTraversal nodeTraversal0 = new NodeTraversal(compiler0, typeCheck0, typedScopeCreator0);
    typeCheck0.visit(nodeTraversal0, node0, node0);
    compiler0.getErrorCount();
},WARNING,java.lang.IllegalStateException,[WARNING] - The last statement of the test is part of another class with respect to the class under test. Check if the focal method is correct.
com.google.javascript.jscomp.TypeCheck,@Test(timeout = 4000)
public void test05780() throws Throwable {
    Compiler compiler0 = new Compiler();
    CompilerOptions compilerOptions0 = new CompilerOptions();
    DefaultPassConfig defaultPassConfig0 = new DefaultPassConfig(compilerOptions0);
    compiler0.initCompilerOptionsIfTesting();
    TypeCheck typeCheck0 = defaultPassConfig0.makeTypeCheck(compiler0);
    Node node0 = new Node(79, 15, 29);
    ClosureCodingConvention closureCodingConvention0 = (ClosureCodingConvention) compiler0.defaultCodingConvention;
    TypedScopeCreator typedScopeCreator0 = new TypedScopeCreator(compiler0, closureCodingConvention0);
    NodeTraversal nodeTraversal0 = new NodeTraversal(compiler0, typeCheck0, typedScopeCreator0);
    typeCheck0.visit(nodeTraversal0, node0, node0);
    compiler0.hasErrors();
},WARNING,java.lang.IllegalStateException,[WARNING] - The last statement of the test is part of another class with respect to the class under test. Check if the focal method is correct.
com.google.javascript.jscomp.TypeCheck,@Test(timeout = 4000)
public void test05881() throws Throwable {
    Logger logger0 = Tracer.logger;
    LoggerErrorManager loggerErrorManager0 = new LoggerErrorManager(logger0);
    Compiler compiler0 = new Compiler(loggerErrorManager0);
    CompilerOptions compilerOptions0 = new CompilerOptions();
    DefaultPassConfig defaultPassConfig0 = new DefaultPassConfig(compilerOptions0);
    compiler0.initCompilerOptionsIfTesting();
    TypeCheck typeCheck0 = defaultPassConfig0.makeTypeCheck(compiler0);
    NodeTraversal nodeTraversal0 = new NodeTraversal(compiler0, typeCheck0, (ScopeCreator) null);
    Node node0 = new Node(82, (-631), 145);
    typeCheck0.visit(nodeTraversal0, node0, node0);
    compiler0.hasErrors();
},WARNING,java.lang.IllegalStateException,[WARNING] - The last statement of the test is part of another class with respect to the class under test. Check if the focal method is correct.
com.google.javascript.jscomp.TypeCheck,@Test(timeout = 4000)
public void test05882() throws Throwable {
    Logger logger0 = Tracer.logger;
    LoggerErrorManager loggerErrorManager0 = new LoggerErrorManager(logger0);
    Compiler compiler0 = new Compiler(loggerErrorManager0);
    CompilerOptions compilerOptions0 = new CompilerOptions();
    DefaultPassConfig defaultPassConfig0 = new DefaultPassConfig(compilerOptions0);
    compiler0.initCompilerOptionsIfTesting();
    TypeCheck typeCheck0 = defaultPassConfig0.makeTypeCheck(compiler0);
    NodeTraversal nodeTraversal0 = new NodeTraversal(compiler0, typeCheck0, (ScopeCreator) null);
    Node node0 = new Node(82, (-631), 145);
    typeCheck0.visit(nodeTraversal0, node0, node0);
    loggerErrorManager0.getWarningCount();
},WARNING,java.lang.IllegalStateException,[WARNING] - The last statement of the test is part of another class with respect to the class under test. Check if the focal method is correct.
com.google.javascript.jscomp.TypeCheck,@Test(timeout = 4000)
public void test06084() throws Throwable {
    Compiler compiler0 = new Compiler();
    CompilerOptions compilerOptions0 = new CompilerOptions();
    DefaultPassConfig defaultPassConfig0 = new DefaultPassConfig(compilerOptions0);
    compiler0.initCompilerOptionsIfTesting();
    TypeCheck typeCheck0 = defaultPassConfig0.makeTypeCheck(compiler0);
    NodeTraversal nodeTraversal0 = new NodeTraversal(compiler0, typeCheck0, (ScopeCreator) null);
    Node node0 = new Node(26, 123, (-1321));
    Node node1 = new Node(84, node0, node0);
    typeCheck0.visit(nodeTraversal0, node1, node1);
    compiler0.getErrorCount();
},WARNING,java.lang.IllegalStateException,[WARNING] - The last statement of the test is part of another class with respect to the class under test. Check if the focal method is correct.
com.google.javascript.jscomp.TypeCheck,@Test(timeout = 4000)
public void test06085() throws Throwable {
    Compiler compiler0 = new Compiler();
    CompilerOptions compilerOptions0 = new CompilerOptions();
    DefaultPassConfig defaultPassConfig0 = new DefaultPassConfig(compilerOptions0);
    compiler0.initCompilerOptionsIfTesting();
    TypeCheck typeCheck0 = defaultPassConfig0.makeTypeCheck(compiler0);
    NodeTraversal nodeTraversal0 = new NodeTraversal(compiler0, typeCheck0, (ScopeCreator) null);
    Node node0 = new Node(26, 123, (-1321));
    Node node1 = new Node(84, node0, node0);
    typeCheck0.visit(nodeTraversal0, node1, node1);
    compiler0.getWarningCount();
},WARNING,java.lang.IllegalStateException,[WARNING] - The last statement of the test is part of another class with respect to the class under test. Check if the focal method is correct.
com.google.javascript.jscomp.TypeCheck,@Test(timeout = 4000)
public void test06590() throws Throwable {
    Logger logger0 = Tracer.logger;
    LoggerErrorManager loggerErrorManager0 = new LoggerErrorManager(logger0);
    Compiler compiler0 = new Compiler(loggerErrorManager0);
    CompilerOptions compilerOptions0 = new CompilerOptions();
    DefaultPassConfig defaultPassConfig0 = new DefaultPassConfig(compilerOptions0);
    compiler0.initCompilerOptionsIfTesting();
    TypeCheck typeCheck0 = defaultPassConfig0.makeTypeCheck(compiler0);
    NodeTraversal nodeTraversal0 = new NodeTraversal(compiler0, typeCheck0, (ScopeCreator) null);
    Node node0 = new Node(100, 2505, 100);
    typeCheck0.visit(nodeTraversal0, node0, node0);
    typeCheck0.visit(nodeTraversal0, node0, node0);
    node0.isOnlyModifiesThisCall();
},WARNING,java.lang.IllegalStateException,[WARNING] - The last statement of the test is part of another class with respect to the class under test. Check if the focal method is correct.
com.google.javascript.jscomp.TypeCheck,@Test(timeout = 4000)
public void test06994() throws Throwable {
    Logger logger0 = Logger.getAnonymousLogger();
    LoggerErrorManager loggerErrorManager0 = new LoggerErrorManager(logger0);
    Compiler compiler0 = new Compiler(loggerErrorManager0);
    CompilerOptions compilerOptions0 = new CompilerOptions();
    DefaultPassConfig defaultPassConfig0 = new DefaultPassConfig(compilerOptions0);
    compiler0.initCompilerOptionsIfTesting();
    TypeCheck typeCheck0 = defaultPassConfig0.makeTypeCheck(compiler0);
    NodeTraversal nodeTraversal0 = new NodeTraversal(compiler0, typeCheck0, (ScopeCreator) null);
    Node node0 = new Node(106, 2263, 106);
    typeCheck0.visit(nodeTraversal0, node0, node0);
    compiler0.hasErrors();
},WARNING,java.lang.IllegalStateException,[WARNING] - The last statement of the test is part of another class with respect to the class under test. Check if the focal method is correct.
com.google.javascript.jscomp.TypeCheck,@Test(timeout = 4000)
public void test06995() throws Throwable {
    Logger logger0 = Logger.getAnonymousLogger();
    LoggerErrorManager loggerErrorManager0 = new LoggerErrorManager(logger0);
    Compiler compiler0 = new Compiler(loggerErrorManager0);
    CompilerOptions compilerOptions0 = new CompilerOptions();
    DefaultPassConfig defaultPassConfig0 = new DefaultPassConfig(compilerOptions0);
    compiler0.initCompilerOptionsIfTesting();
    TypeCheck typeCheck0 = defaultPassConfig0.makeTypeCheck(compiler0);
    NodeTraversal nodeTraversal0 = new NodeTraversal(compiler0, typeCheck0, (ScopeCreator) null);
    Node node0 = new Node(106, 2263, 106);
    typeCheck0.visit(nodeTraversal0, node0, node0);
    loggerErrorManager0.getErrorCount();
},WARNING,java.lang.IllegalStateException,[WARNING] - The last statement of the test is part of another class with respect to the class under test. Check if the focal method is correct.
com.google.javascript.jscomp.TypeCheck,@Test(timeout = 4000)
public void test07096() throws Throwable {
    Logger logger0 = Tracer.logger;
    LoggerErrorManager loggerErrorManager0 = new LoggerErrorManager(logger0);
    Compiler compiler0 = new Compiler(loggerErrorManager0);
    CompilerOptions compilerOptions0 = new CompilerOptions();
    DefaultPassConfig defaultPassConfig0 = new DefaultPassConfig(compilerOptions0);
    compiler0.initCompilerOptionsIfTesting();
    TypeCheck typeCheck0 = defaultPassConfig0.makeTypeCheck(compiler0);
    RenameLabels renameLabels0 = new RenameLabels((AbstractCompiler) null);
    RenameLabels.ProcessLabels renameLabels_ProcessLabels0 = renameLabels0.new ProcessLabels();
    Node node0 = new Node(107, 147, 147);
    NodeTraversal nodeTraversal0 = new NodeTraversal(compiler0, renameLabels_ProcessLabels0);
    typeCheck0.visit(nodeTraversal0, node0, node0);
    compiler0.getErrorCount();
},WARNING,java.lang.IllegalStateException,[WARNING] - The last statement of the test is part of another class with respect to the class under test. Check if the focal method is correct.
com.google.javascript.jscomp.TypeCheck,@Test(timeout = 4000)
public void test07097() throws Throwable {
    Logger logger0 = Tracer.logger;
    LoggerErrorManager loggerErrorManager0 = new LoggerErrorManager(logger0);
    Compiler compiler0 = new Compiler(loggerErrorManager0);
    CompilerOptions compilerOptions0 = new CompilerOptions();
    DefaultPassConfig defaultPassConfig0 = new DefaultPassConfig(compilerOptions0);
    compiler0.initCompilerOptionsIfTesting();
    TypeCheck typeCheck0 = defaultPassConfig0.makeTypeCheck(compiler0);
    RenameLabels renameLabels0 = new RenameLabels((AbstractCompiler) null);
    RenameLabels.ProcessLabels renameLabels_ProcessLabels0 = renameLabels0.new ProcessLabels();
    Node node0 = new Node(107, 147, 147);
    NodeTraversal nodeTraversal0 = new NodeTraversal(compiler0, renameLabels_ProcessLabels0);
    typeCheck0.visit(nodeTraversal0, node0, node0);
    loggerErrorManager0.getErrorCount();
},WARNING,java.lang.IllegalStateException,[WARNING] - The last statement of the test is part of another class with respect to the class under test. Check if the focal method is correct.
com.google.javascript.jscomp.TypeCheck,@Test(timeout = 4000)
public void test074101() throws Throwable {
    Logger logger0 = Tracer.logger;
    LoggerErrorManager loggerErrorManager0 = new LoggerErrorManager(logger0);
    CompilerOptions compilerOptions0 = new CompilerOptions();
    DefaultPassConfig defaultPassConfig0 = new DefaultPassConfig(compilerOptions0);
    Compiler compiler0 = new Compiler(loggerErrorManager0);
    compiler0.initCompilerOptionsIfTesting();
    TypeCheck typeCheck0 = defaultPassConfig0.makeTypeCheck(compiler0);
    Node node0 = new Node(112, 112, 7);
    SyntacticScopeCreator syntacticScopeCreator0 = new SyntacticScopeCreator((AbstractCompiler) null);
    NodeTraversal nodeTraversal0 = new NodeTraversal(compiler0, typeCheck0, syntacticScopeCreator0);
    typeCheck0.visit(nodeTraversal0, node0, node0);
    node0.isUnscopedQualifiedName();
},WARNING,java.lang.IllegalStateException,[WARNING] - The last statement of the test is part of another class with respect to the class under test. Check if the focal method is correct.
com.google.javascript.jscomp.TypeCheck,@Test(timeout = 4000)
public void test081108() throws Throwable {
    Compiler compiler0 = new Compiler();
    CompilerOptions compilerOptions0 = new CompilerOptions();
    DefaultPassConfig defaultPassConfig0 = new DefaultPassConfig(compilerOptions0);
    compiler0.initCompilerOptionsIfTesting();
    TypeCheck typeCheck0 = defaultPassConfig0.makeTypeCheck(compiler0);
    Node node0 = new Node(121, 121, 142);
    NodeTraversal nodeTraversal0 = new NodeTraversal(compiler0, typeCheck0);
    typeCheck0.visit(nodeTraversal0, node0, node0);
    compiler0.getErrorCount();
},WARNING,java.lang.IllegalStateException,[WARNING] - The last statement of the test is part of another class with respect to the class under test. Check if the focal method is correct.
com.google.javascript.jscomp.TypeCheck,@Test(timeout = 4000)
public void test081109() throws Throwable {
    Compiler compiler0 = new Compiler();
    CompilerOptions compilerOptions0 = new CompilerOptions();
    DefaultPassConfig defaultPassConfig0 = new DefaultPassConfig(compilerOptions0);
    compiler0.initCompilerOptionsIfTesting();
    TypeCheck typeCheck0 = defaultPassConfig0.makeTypeCheck(compiler0);
    Node node0 = new Node(121, 121, 142);
    NodeTraversal nodeTraversal0 = new NodeTraversal(compiler0, typeCheck0);
    typeCheck0.visit(nodeTraversal0, node0, node0);
    compiler0.getWarningCount();
},WARNING,java.lang.IllegalStateException,[WARNING] - The last statement of the test is part of another class with respect to the class under test. Check if the focal method is correct.
com.google.javascript.jscomp.TypeCheck,@Test(timeout = 4000)
public void test083111() throws Throwable {
    Logger logger0 = Tracer.logger;
    LoggerErrorManager loggerErrorManager0 = new LoggerErrorManager(logger0);
    Compiler compiler0 = new Compiler(loggerErrorManager0);
    CompilerOptions compilerOptions0 = new CompilerOptions();
    DefaultPassConfig defaultPassConfig0 = new DefaultPassConfig(compilerOptions0);
    compiler0.initCompilerOptionsIfTesting();
    TypeCheck typeCheck0 = defaultPassConfig0.makeTypeCheck(compiler0);
    Node node0 = new Node(123, 89, 123);
    NodeTraversal nodeTraversal0 = new NodeTraversal(compiler0, typeCheck0);
    typeCheck0.visit(nodeTraversal0, node0, node0);
    compiler0.hasErrors();
},WARNING,java.lang.IllegalStateException,[WARNING] - The last statement of the test is part of another class with respect to the class under test. Check if the focal method is correct.
com.google.javascript.jscomp.TypeCheck,@Test(timeout = 4000)
public void test083112() throws Throwable {
    Logger logger0 = Tracer.logger;
    LoggerErrorManager loggerErrorManager0 = new LoggerErrorManager(logger0);
    Compiler compiler0 = new Compiler(loggerErrorManager0);
    CompilerOptions compilerOptions0 = new CompilerOptions();
    DefaultPassConfig defaultPassConfig0 = new DefaultPassConfig(compilerOptions0);
    compiler0.initCompilerOptionsIfTesting();
    TypeCheck typeCheck0 = defaultPassConfig0.makeTypeCheck(compiler0);
    Node node0 = new Node(123, 89, 123);
    NodeTraversal nodeTraversal0 = new NodeTraversal(compiler0, typeCheck0);
    typeCheck0.visit(nodeTraversal0, node0, node0);
    loggerErrorManager0.getWarningCount();
},WARNING,java.lang.IllegalStateException,[WARNING] - The last statement of the test is part of another class with respect to the class under test. Check if the focal method is correct.
com.google.javascript.jscomp.TypeCheck,@Test(timeout = 4000)
public void test086115() throws Throwable {
    Logger logger0 = Logger.getAnonymousLogger();
    LoggerErrorManager loggerErrorManager0 = new LoggerErrorManager(logger0);
    Compiler compiler0 = new Compiler(loggerErrorManager0);
    CompilerOptions compilerOptions0 = new CompilerOptions();
    DefaultPassConfig defaultPassConfig0 = new DefaultPassConfig(compilerOptions0);
    compiler0.initCompilerOptionsIfTesting();
    TypeCheck typeCheck0 = defaultPassConfig0.makeTypeCheck(compiler0);
    VarCheck varCheck0 = new VarCheck(compiler0, false);
    MemoizedScopeCreator memoizedScopeCreator0 = new MemoizedScopeCreator((ScopeCreator) null);
    NodeTraversal nodeTraversal0 = new NodeTraversal(compiler0, varCheck0, memoizedScopeCreator0);
    Node node0 = new Node(127);
    typeCheck0.visit(nodeTraversal0, node0, node0);
    compiler0.getErrorCount();
},WARNING,java.lang.IllegalStateException,[WARNING] - The last statement of the test is part of another class with respect to the class under test. Check if the focal method is correct.
com.google.javascript.jscomp.TypeCheck,@Test(timeout = 4000)
public void test086116() throws Throwable {
    Logger logger0 = Logger.getAnonymousLogger();
    LoggerErrorManager loggerErrorManager0 = new LoggerErrorManager(logger0);
    Compiler compiler0 = new Compiler(loggerErrorManager0);
    CompilerOptions compilerOptions0 = new CompilerOptions();
    DefaultPassConfig defaultPassConfig0 = new DefaultPassConfig(compilerOptions0);
    compiler0.initCompilerOptionsIfTesting();
    TypeCheck typeCheck0 = defaultPassConfig0.makeTypeCheck(compiler0);
    VarCheck varCheck0 = new VarCheck(compiler0, false);
    MemoizedScopeCreator memoizedScopeCreator0 = new MemoizedScopeCreator((ScopeCreator) null);
    NodeTraversal nodeTraversal0 = new NodeTraversal(compiler0, varCheck0, memoizedScopeCreator0);
    Node node0 = new Node(127);
    typeCheck0.visit(nodeTraversal0, node0, node0);
    loggerErrorManager0.getWarningCount();
},WARNING,java.lang.IllegalStateException,[WARNING] - The last statement of the test is part of another class with respect to the class under test. Check if the focal method is correct.
com.google.javascript.jscomp.TypeCheck,@Test(timeout = 4000)
public void test087117() throws Throwable {
    Logger logger0 = Tracer.logger;
    LoggerErrorManager loggerErrorManager0 = new LoggerErrorManager(logger0);
    Compiler compiler0 = new Compiler(loggerErrorManager0);
    CompilerOptions compilerOptions0 = new CompilerOptions();
    DefaultPassConfig defaultPassConfig0 = new DefaultPassConfig(compilerOptions0);
    compiler0.initCompilerOptionsIfTesting();
    TypeCheck typeCheck0 = defaultPassConfig0.makeTypeCheck(compiler0);
    NodeTraversal nodeTraversal0 = new NodeTraversal(compiler0, typeCheck0, (ScopeCreator) null);
    Node node0 = new Node(128, 3, 12);
    typeCheck0.visit(nodeTraversal0, node0, node0);
    compiler0.getErrorCount();
},WARNING,java.lang.IllegalStateException,[WARNING] - The last statement of the test is part of another class with respect to the class under test. Check if the focal method is correct.
com.google.javascript.jscomp.TypeCheck,@Test(timeout = 4000)
public void test087118() throws Throwable {
    Logger logger0 = Tracer.logger;
    LoggerErrorManager loggerErrorManager0 = new LoggerErrorManager(logger0);
    Compiler compiler0 = new Compiler(loggerErrorManager0);
    CompilerOptions compilerOptions0 = new CompilerOptions();
    DefaultPassConfig defaultPassConfig0 = new DefaultPassConfig(compilerOptions0);
    compiler0.initCompilerOptionsIfTesting();
    TypeCheck typeCheck0 = defaultPassConfig0.makeTypeCheck(compiler0);
    NodeTraversal nodeTraversal0 = new NodeTraversal(compiler0, typeCheck0, (ScopeCreator) null);
    Node node0 = new Node(128, 3, 12);
    typeCheck0.visit(nodeTraversal0, node0, node0);
    loggerErrorManager0.getWarningCount();
},WARNING,java.lang.IllegalStateException,[WARNING] - The last statement of the test is part of another class with respect to the class under test. Check if the focal method is correct.
com.google.javascript.jscomp.TypeCheck,@Test(timeout = 4000)
public void test088119() throws Throwable {
    Logger logger0 = Tracer.logger;
    LoggerErrorManager loggerErrorManager0 = new LoggerErrorManager(logger0);
    Compiler compiler0 = new Compiler(loggerErrorManager0);
    CompilerOptions compilerOptions0 = new CompilerOptions();
    DefaultPassConfig defaultPassConfig0 = new DefaultPassConfig(compilerOptions0);
    compiler0.initCompilerOptionsIfTesting();
    TypeCheck typeCheck0 = defaultPassConfig0.makeTypeCheck(compiler0);
    Node node0 = new Node(129, 89, (-4016));
    NodeTraversal nodeTraversal0 = new NodeTraversal(compiler0, typeCheck0, (ScopeCreator) null);
    typeCheck0.visit(nodeTraversal0, node0, node0);
    compiler0.hasErrors();
},WARNING,java.lang.IllegalStateException,[WARNING] - The last statement of the test is part of another class with respect to the class under test. Check if the focal method is correct.
com.google.javascript.jscomp.TypeCheck,@Test(timeout = 4000)
public void test088120() throws Throwable {
    Logger logger0 = Tracer.logger;
    LoggerErrorManager loggerErrorManager0 = new LoggerErrorManager(logger0);
    Compiler compiler0 = new Compiler(loggerErrorManager0);
    CompilerOptions compilerOptions0 = new CompilerOptions();
    DefaultPassConfig defaultPassConfig0 = new DefaultPassConfig(compilerOptions0);
    compiler0.initCompilerOptionsIfTesting();
    TypeCheck typeCheck0 = defaultPassConfig0.makeTypeCheck(compiler0);
    Node node0 = new Node(129, 89, (-4016));
    NodeTraversal nodeTraversal0 = new NodeTraversal(compiler0, typeCheck0, (ScopeCreator) null);
    typeCheck0.visit(nodeTraversal0, node0, node0);
    loggerErrorManager0.getErrorCount();
},WARNING,java.lang.IllegalStateException,[WARNING] - The last statement of the test is part of another class with respect to the class under test. Check if the focal method is correct.
com.google.javascript.jscomp.TypeCheck,@Test(timeout = 4000)
public void test089121() throws Throwable {
    Logger logger0 = Tracer.logger;
    LoggerErrorManager loggerErrorManager0 = new LoggerErrorManager(logger0);
    Compiler compiler0 = new Compiler(loggerErrorManager0);
    CompilerOptions compilerOptions0 = new CompilerOptions();
    DefaultPassConfig defaultPassConfig0 = new DefaultPassConfig(compilerOptions0);
    compiler0.initCompilerOptionsIfTesting();
    TypeCheck typeCheck0 = defaultPassConfig0.makeTypeCheck(compiler0);
    NodeTraversal nodeTraversal0 = new NodeTraversal(compiler0, typeCheck0, (ScopeCreator) null);
    Node node0 = new Node(130, 7948, (-3368));
    typeCheck0.visit(nodeTraversal0, node0, node0);
    node0.getCharno();
},WARNING,java.lang.IllegalStateException,[WARNING] - The last statement of the test is part of another class with respect to the class under test. Check if the focal method is correct.
com.google.javascript.jscomp.TypeCheck,@Test(timeout = 4000)
public void test090122() throws Throwable {
    Compiler compiler0 = new Compiler();
    CompilerOptions compilerOptions0 = new CompilerOptions();
    DefaultPassConfig defaultPassConfig0 = new DefaultPassConfig(compilerOptions0);
    compiler0.initCompilerOptionsIfTesting();
    TypeCheck typeCheck0 = defaultPassConfig0.makeTypeCheck(compiler0);
    Node node0 = new Node(133, 19, 42);
    NodeTraversal nodeTraversal0 = new NodeTraversal(compiler0, typeCheck0, (ScopeCreator) null);
    typeCheck0.visit(nodeTraversal0, node0, node0);
    compiler0.getErrorCount();
},WARNING,java.lang.IllegalStateException,[WARNING] - The last statement of the test is part of another class with respect to the class under test. Check if the focal method is correct.
com.google.javascript.jscomp.TypeCheck,@Test(timeout = 4000)
public void test090123() throws Throwable {
    Compiler compiler0 = new Compiler();
    CompilerOptions compilerOptions0 = new CompilerOptions();
    DefaultPassConfig defaultPassConfig0 = new DefaultPassConfig(compilerOptions0);
    compiler0.initCompilerOptionsIfTesting();
    TypeCheck typeCheck0 = defaultPassConfig0.makeTypeCheck(compiler0);
    Node node0 = new Node(133, 19, 42);
    NodeTraversal nodeTraversal0 = new NodeTraversal(compiler0, typeCheck0, (ScopeCreator) null);
    typeCheck0.visit(nodeTraversal0, node0, node0);
    compiler0.hasErrors();
},WARNING,java.lang.IllegalStateException,[WARNING] - The last statement of the test is part of another class with respect to the class under test. Check if the focal method is correct.
com.google.javascript.jscomp.TypeCheck,@Test(timeout = 4000)
public void test091124() throws Throwable {
    Logger logger0 = Tracer.logger;
    LoggerErrorManager loggerErrorManager0 = new LoggerErrorManager(logger0);
    Compiler compiler0 = new Compiler(loggerErrorManager0);
    CompilerOptions compilerOptions0 = new CompilerOptions();
    DefaultPassConfig defaultPassConfig0 = new DefaultPassConfig(compilerOptions0);
    compiler0.initCompilerOptionsIfTesting();
    GatherSideEffectSubexpressionsCallback gatherSideEffectSubexpressionsCallback0 = new GatherSideEffectSubexpressionsCallback(compiler0, (GatherSideEffectSubexpressionsCallback.SideEffectAccumulator) null);
    NodeTraversal nodeTraversal0 = new NodeTraversal(compiler0, gatherSideEffectSubexpressionsCallback0);
    TypeCheck typeCheck0 = defaultPassConfig0.makeTypeCheck(compiler0);
    Node node0 = new Node(134, 106, 4208);
    typeCheck0.visit(nodeTraversal0, node0, node0);
    compiler0.hasErrors();
},WARNING,java.lang.IllegalStateException,[WARNING] - The last statement of the test is part of another class with respect to the class under test. Check if the focal method is correct.
com.google.javascript.jscomp.TypeCheck,@Test(timeout = 4000)
public void test091125() throws Throwable {
    Logger logger0 = Tracer.logger;
    LoggerErrorManager loggerErrorManager0 = new LoggerErrorManager(logger0);
    Compiler compiler0 = new Compiler(loggerErrorManager0);
    CompilerOptions compilerOptions0 = new CompilerOptions();
    DefaultPassConfig defaultPassConfig0 = new DefaultPassConfig(compilerOptions0);
    compiler0.initCompilerOptionsIfTesting();
    GatherSideEffectSubexpressionsCallback gatherSideEffectSubexpressionsCallback0 = new GatherSideEffectSubexpressionsCallback(compiler0, (GatherSideEffectSubexpressionsCallback.SideEffectAccumulator) null);
    NodeTraversal nodeTraversal0 = new NodeTraversal(compiler0, gatherSideEffectSubexpressionsCallback0);
    TypeCheck typeCheck0 = defaultPassConfig0.makeTypeCheck(compiler0);
    Node node0 = new Node(134, 106, 4208);
    typeCheck0.visit(nodeTraversal0, node0, node0);
    loggerErrorManager0.getErrorCount();
},WARNING,java.lang.IllegalStateException,[WARNING] - The last statement of the test is part of another class with respect to the class under test. Check if the focal method is correct.
com.google.javascript.jscomp.TypeCheck,@Test(timeout = 4000)
public void test092126() throws Throwable {
    Logger logger0 = Logger.getAnonymousLogger();
    LoggerErrorManager loggerErrorManager0 = new LoggerErrorManager(logger0);
    Compiler compiler0 = new Compiler(loggerErrorManager0);
    CompilerOptions compilerOptions0 = new CompilerOptions();
    compiler0.initCompilerOptionsIfTesting();
    DefaultPassConfig defaultPassConfig0 = new DefaultPassConfig(compilerOptions0);
    TypeCheck typeCheck0 = defaultPassConfig0.makeTypeCheck(compiler0);
    NodeTraversal nodeTraversal0 = new NodeTraversal(compiler0, typeCheck0);
    Node node0 = new Node(135, 702, 135);
    typeCheck0.visit(nodeTraversal0, node0, node0);
    compiler0.hasErrors();
},WARNING,java.lang.IllegalStateException,[WARNING] - The last statement of the test is part of another class with respect to the class under test. Check if the focal method is correct.
com.google.javascript.jscomp.TypeCheck,@Test(timeout = 4000)
public void test092127() throws Throwable {
    Logger logger0 = Logger.getAnonymousLogger();
    LoggerErrorManager loggerErrorManager0 = new LoggerErrorManager(logger0);
    Compiler compiler0 = new Compiler(loggerErrorManager0);
    CompilerOptions compilerOptions0 = new CompilerOptions();
    compiler0.initCompilerOptionsIfTesting();
    DefaultPassConfig defaultPassConfig0 = new DefaultPassConfig(compilerOptions0);
    TypeCheck typeCheck0 = defaultPassConfig0.makeTypeCheck(compiler0);
    NodeTraversal nodeTraversal0 = new NodeTraversal(compiler0, typeCheck0);
    Node node0 = new Node(135, 702, 135);
    typeCheck0.visit(nodeTraversal0, node0, node0);
    loggerErrorManager0.getErrorCount();
},WARNING,java.lang.IllegalStateException,[WARNING] - The last statement of the test is part of another class with respect to the class under test. Check if the focal method is correct.
com.google.javascript.jscomp.TypeCheck,@Test(timeout = 4000)
public void test093128() throws Throwable {
    Logger logger0 = Tracer.logger;
    LoggerErrorManager loggerErrorManager0 = new LoggerErrorManager(logger0);
    Compiler compiler0 = new Compiler(loggerErrorManager0);
    CompilerOptions compilerOptions0 = new CompilerOptions();
    DefaultPassConfig defaultPassConfig0 = new DefaultPassConfig(compilerOptions0);
    compiler0.initCompilerOptionsIfTesting();
    TypeCheck typeCheck0 = defaultPassConfig0.makeTypeCheck(compiler0);
    NodeTraversal nodeTraversal0 = new NodeTraversal(compiler0, typeCheck0, (ScopeCreator) null);
    Node node0 = new Node(136, 136, 136);
    typeCheck0.visit(nodeTraversal0, node0, node0);
    compiler0.hasErrors();
},WARNING,java.lang.IllegalStateException,[WARNING] - The last statement of the test is part of another class with respect to the class under test. Check if the focal method is correct.
com.google.javascript.jscomp.TypeCheck,@Test(timeout = 4000)
public void test093129() throws Throwable {
    Logger logger0 = Tracer.logger;
    LoggerErrorManager loggerErrorManager0 = new LoggerErrorManager(logger0);
    Compiler compiler0 = new Compiler(loggerErrorManager0);
    CompilerOptions compilerOptions0 = new CompilerOptions();
    DefaultPassConfig defaultPassConfig0 = new DefaultPassConfig(compilerOptions0);
    compiler0.initCompilerOptionsIfTesting();
    TypeCheck typeCheck0 = defaultPassConfig0.makeTypeCheck(compiler0);
    NodeTraversal nodeTraversal0 = new NodeTraversal(compiler0, typeCheck0, (ScopeCreator) null);
    Node node0 = new Node(136, 136, 136);
    typeCheck0.visit(nodeTraversal0, node0, node0);
    loggerErrorManager0.getErrorCount();
},WARNING,java.lang.IllegalStateException,[WARNING] - The last statement of the test is part of another class with respect to the class under test. Check if the focal method is correct.
com.google.javascript.jscomp.TypeCheck,@Test(timeout = 4000)
public void test094130() throws Throwable {
    Logger logger0 = Tracer.logger;
    LoggerErrorManager loggerErrorManager0 = new LoggerErrorManager(logger0);
    Compiler compiler0 = new Compiler(loggerErrorManager0);
    CompilerOptions compilerOptions0 = new CompilerOptions();
    DefaultPassConfig defaultPassConfig0 = new DefaultPassConfig(compilerOptions0);
    compiler0.initCompilerOptionsIfTesting();
    TypeCheck typeCheck0 = defaultPassConfig0.makeTypeCheck(compiler0);
    Node node0 = new Node(137, 89, 123);
    Denormalize.StripConstantAnnotations denormalize_StripConstantAnnotations0 = new Denormalize.StripConstantAnnotations((AbstractCompiler) null);
    NodeTraversal nodeTraversal0 = new NodeTraversal(compiler0, denormalize_StripConstantAnnotations0);
    typeCheck0.visit(nodeTraversal0, node0, node0);
    compiler0.hasErrors();
},WARNING,java.lang.IllegalStateException,[WARNING] - The last statement of the test is part of another class with respect to the class under test. Check if the focal method is correct.
com.google.javascript.jscomp.TypeCheck,@Test(timeout = 4000)
public void test094131() throws Throwable {
    Logger logger0 = Tracer.logger;
    LoggerErrorManager loggerErrorManager0 = new LoggerErrorManager(logger0);
    Compiler compiler0 = new Compiler(loggerErrorManager0);
    CompilerOptions compilerOptions0 = new CompilerOptions();
    DefaultPassConfig defaultPassConfig0 = new DefaultPassConfig(compilerOptions0);
    compiler0.initCompilerOptionsIfTesting();
    TypeCheck typeCheck0 = defaultPassConfig0.makeTypeCheck(compiler0);
    Node node0 = new Node(137, 89, 123);
    Denormalize.StripConstantAnnotations denormalize_StripConstantAnnotations0 = new Denormalize.StripConstantAnnotations((AbstractCompiler) null);
    NodeTraversal nodeTraversal0 = new NodeTraversal(compiler0, denormalize_StripConstantAnnotations0);
    typeCheck0.visit(nodeTraversal0, node0, node0);
    loggerErrorManager0.getErrorCount();
},WARNING,java.lang.IllegalStateException,[WARNING] - The last statement of the test is part of another class with respect to the class under test. Check if the focal method is correct.
com.google.javascript.jscomp.TypeCheck,@Test(timeout = 4000)
public void test095132() throws Throwable {
    Logger logger0 = Logger.getAnonymousLogger();
    LoggerErrorManager loggerErrorManager0 = new LoggerErrorManager(logger0);
    Compiler compiler0 = new Compiler(loggerErrorManager0);
    CompilerOptions compilerOptions0 = new CompilerOptions();
    DefaultPassConfig defaultPassConfig0 = new DefaultPassConfig(compilerOptions0);
    compiler0.initCompilerOptionsIfTesting();
    TypeCheck typeCheck0 = defaultPassConfig0.makeTypeCheck(compiler0);
    Node node0 = new Node(138, 138, 138);
    NodeTraversal nodeTraversal0 = new NodeTraversal(compiler0, typeCheck0, (ScopeCreator) null);
    typeCheck0.visit(nodeTraversal0, node0, node0);
    compiler0.getErrorCount();
},WARNING,java.lang.IllegalStateException,[WARNING] - The last statement of the test is part of another class with respect to the class under test. Check if the focal method is correct.
com.google.javascript.jscomp.TypeCheck,@Test(timeout = 4000)
public void test095133() throws Throwable {
    Logger logger0 = Logger.getAnonymousLogger();
    LoggerErrorManager loggerErrorManager0 = new LoggerErrorManager(logger0);
    Compiler compiler0 = new Compiler(loggerErrorManager0);
    CompilerOptions compilerOptions0 = new CompilerOptions();
    DefaultPassConfig defaultPassConfig0 = new DefaultPassConfig(compilerOptions0);
    compiler0.initCompilerOptionsIfTesting();
    TypeCheck typeCheck0 = defaultPassConfig0.makeTypeCheck(compiler0);
    Node node0 = new Node(138, 138, 138);
    NodeTraversal nodeTraversal0 = new NodeTraversal(compiler0, typeCheck0, (ScopeCreator) null);
    typeCheck0.visit(nodeTraversal0, node0, node0);
    loggerErrorManager0.getErrorCount();
},WARNING,java.lang.IllegalStateException,[WARNING] - The last statement of the test is part of another class with respect to the class under test. Check if the focal method is correct.
com.google.javascript.jscomp.TypeCheck,@Test(timeout = 4000)
public void test096134() throws Throwable {
    Logger logger0 = Logger.getAnonymousLogger();
    LoggerErrorManager loggerErrorManager0 = new LoggerErrorManager(logger0);
    Compiler compiler0 = new Compiler(loggerErrorManager0);
    CompilerOptions compilerOptions0 = new CompilerOptions();
    compiler0.initCompilerOptionsIfTesting();
    DefaultPassConfig defaultPassConfig0 = new DefaultPassConfig(compilerOptions0);
    TypeCheck typeCheck0 = defaultPassConfig0.makeTypeCheck(compiler0);
    NodeTraversal nodeTraversal0 = new NodeTraversal(compiler0, typeCheck0);
    Node node0 = new Node(139, 702, 139);
    typeCheck0.visit(nodeTraversal0, node0, node0);
    compiler0.getErrorCount();
},WARNING,java.lang.IllegalStateException,[WARNING] - The last statement of the test is part of another class with respect to the class under test. Check if the focal method is correct.
com.google.javascript.jscomp.TypeCheck,@Test(timeout = 4000)
public void test096135() throws Throwable {
    Logger logger0 = Logger.getAnonymousLogger();
    LoggerErrorManager loggerErrorManager0 = new LoggerErrorManager(logger0);
    Compiler compiler0 = new Compiler(loggerErrorManager0);
    CompilerOptions compilerOptions0 = new CompilerOptions();
    compiler0.initCompilerOptionsIfTesting();
    DefaultPassConfig defaultPassConfig0 = new DefaultPassConfig(compilerOptions0);
    TypeCheck typeCheck0 = defaultPassConfig0.makeTypeCheck(compiler0);
    NodeTraversal nodeTraversal0 = new NodeTraversal(compiler0, typeCheck0);
    Node node0 = new Node(139, 702, 139);
    typeCheck0.visit(nodeTraversal0, node0, node0);
    loggerErrorManager0.getWarningCount();
},WARNING,java.lang.IllegalStateException,[WARNING] - The last statement of the test is part of another class with respect to the class under test. Check if the focal method is correct.
com.google.javascript.jscomp.TypeCheck,@Test(timeout = 4000)
public void test097136() throws Throwable {
    Logger logger0 = Tracer.logger;
    LoggerErrorManager loggerErrorManager0 = new LoggerErrorManager(logger0);
    Compiler compiler0 = new Compiler(loggerErrorManager0);
    CompilerOptions compilerOptions0 = new CompilerOptions();
    DefaultPassConfig defaultPassConfig0 = new DefaultPassConfig(compilerOptions0);
    compiler0.initCompilerOptionsIfTesting();
    TypeCheck typeCheck0 = defaultPassConfig0.makeTypeCheck(compiler0);
    Node node0 = new Node(144, 150, 2546);
    NodeTraversal nodeTraversal0 = new NodeTraversal(compiler0, typeCheck0);
    typeCheck0.visit(nodeTraversal0, node0, node0);
    compiler0.hasErrors();
},WARNING,java.lang.IllegalStateException,[WARNING] - The last statement of the test is part of another class with respect to the class under test. Check if the focal method is correct.
com.google.javascript.jscomp.TypeCheck,@Test(timeout = 4000)
public void test097137() throws Throwable {
    Logger logger0 = Tracer.logger;
    LoggerErrorManager loggerErrorManager0 = new LoggerErrorManager(logger0);
    Compiler compiler0 = new Compiler(loggerErrorManager0);
    CompilerOptions compilerOptions0 = new CompilerOptions();
    DefaultPassConfig defaultPassConfig0 = new DefaultPassConfig(compilerOptions0);
    compiler0.initCompilerOptionsIfTesting();
    TypeCheck typeCheck0 = defaultPassConfig0.makeTypeCheck(compiler0);
    Node node0 = new Node(144, 150, 2546);
    NodeTraversal nodeTraversal0 = new NodeTraversal(compiler0, typeCheck0);
    typeCheck0.visit(nodeTraversal0, node0, node0);
    loggerErrorManager0.getWarningCount();
},WARNING,java.lang.IllegalStateException,[WARNING] - The last statement of the test is part of another class with respect to the class under test. Check if the focal method is correct.
com.google.javascript.jscomp.TypeCheck,@Test(timeout = 4000)
public void test098138() throws Throwable {
    Logger logger0 = Tracer.logger;
    LoggerErrorManager loggerErrorManager0 = new LoggerErrorManager(logger0);
    Compiler compiler0 = new Compiler(loggerErrorManager0);
    CompilerOptions compilerOptions0 = new CompilerOptions();
    DefaultPassConfig defaultPassConfig0 = new DefaultPassConfig(compilerOptions0);
    compiler0.initCompilerOptionsIfTesting();
    TypeCheck typeCheck0 = defaultPassConfig0.makeTypeCheck(compiler0);
    NodeTraversal nodeTraversal0 = new NodeTraversal(compiler0, typeCheck0, (ScopeCreator) null);
    Node node0 = new Node(145, 145, (-2398));
    typeCheck0.visit(nodeTraversal0, node0, node0);
    compiler0.getErrorCount();
},WARNING,java.lang.IllegalStateException,[WARNING] - The last statement of the test is part of another class with respect to the class under test. Check if the focal method is correct.
com.google.javascript.jscomp.TypeCheck,@Test(timeout = 4000)
public void test098139() throws Throwable {
    Logger logger0 = Tracer.logger;
    LoggerErrorManager loggerErrorManager0 = new LoggerErrorManager(logger0);
    Compiler compiler0 = new Compiler(loggerErrorManager0);
    CompilerOptions compilerOptions0 = new CompilerOptions();
    DefaultPassConfig defaultPassConfig0 = new DefaultPassConfig(compilerOptions0);
    compiler0.initCompilerOptionsIfTesting();
    TypeCheck typeCheck0 = defaultPassConfig0.makeTypeCheck(compiler0);
    NodeTraversal nodeTraversal0 = new NodeTraversal(compiler0, typeCheck0, (ScopeCreator) null);
    Node node0 = new Node(145, 145, (-2398));
    typeCheck0.visit(nodeTraversal0, node0, node0);
    loggerErrorManager0.getWarningCount();
},WARNING,java.lang.IllegalStateException,[WARNING] - The last statement of the test is part of another class with respect to the class under test. Check if the focal method is correct.
com.google.javascript.jscomp.TypeCheck,@Test(timeout = 4000)
public void test099140() throws Throwable {
    Compiler compiler0 = new Compiler();
    CompilerOptions compilerOptions0 = new CompilerOptions();
    DefaultPassConfig defaultPassConfig0 = new DefaultPassConfig(compilerOptions0);
    compiler0.initCompilerOptionsIfTesting();
    TypeCheck typeCheck0 = defaultPassConfig0.makeTypeCheck(compiler0);
    Node node0 = new Node(93, (-3951), 148);
    Node node1 = new Node(146, 18, 108);
    NodeTraversal nodeTraversal0 = new NodeTraversal(compiler0, typeCheck0);
    typeCheck0.visit(nodeTraversal0, node1, node0);
    compiler0.getErrorCount();
},WARNING,java.lang.IllegalStateException,[WARNING] - The last statement of the test is part of another class with respect to the class under test. Check if the focal method is correct.
com.google.javascript.jscomp.TypeCheck,@Test(timeout = 4000)
public void test099141() throws Throwable {
    Compiler compiler0 = new Compiler();
    CompilerOptions compilerOptions0 = new CompilerOptions();
    DefaultPassConfig defaultPassConfig0 = new DefaultPassConfig(compilerOptions0);
    compiler0.initCompilerOptionsIfTesting();
    TypeCheck typeCheck0 = defaultPassConfig0.makeTypeCheck(compiler0);
    Node node0 = new Node(93, (-3951), 148);
    Node node1 = new Node(146, 18, 108);
    NodeTraversal nodeTraversal0 = new NodeTraversal(compiler0, typeCheck0);
    typeCheck0.visit(nodeTraversal0, node1, node0);
    compiler0.hasErrors();
},WARNING,java.lang.IllegalStateException,[WARNING] - The last statement of the test is part of another class with respect to the class under test. Check if the focal method is correct.
com.google.javascript.jscomp.TypeCheck,@Test(timeout = 4000)
public void test101143() throws Throwable {
    Logger logger0 = Tracer.logger;
    LoggerErrorManager loggerErrorManager0 = new LoggerErrorManager(logger0);
    Compiler compiler0 = new Compiler(loggerErrorManager0);
    CompilerOptions compilerOptions0 = new CompilerOptions();
    compiler0.initCompilerOptionsIfTesting();
    DefaultPassConfig defaultPassConfig0 = new DefaultPassConfig(compilerOptions0);
    TypeCheck typeCheck0 = defaultPassConfig0.makeTypeCheck(compiler0);
    Node node0 = new Node(148, 18, 89);
    NodeTraversal nodeTraversal0 = new NodeTraversal(compiler0, typeCheck0);
    typeCheck0.visit(nodeTraversal0, node0, node0);
    node0.isQualifiedName();
},WARNING,java.lang.IllegalStateException,[WARNING] - The last statement of the test is part of another class with respect to the class under test. Check if the focal method is correct.
com.google.javascript.jscomp.TypeCheck,@Test(timeout = 4000)
public void test102144() throws Throwable {
    Compiler compiler0 = new Compiler();
    CompilerOptions compilerOptions0 = new CompilerOptions();
    DefaultPassConfig defaultPassConfig0 = new DefaultPassConfig(compilerOptions0);
    compiler0.initCompilerOptionsIfTesting();
    TypeCheck typeCheck0 = defaultPassConfig0.makeTypeCheck(compiler0);
    Node node0 = new Node(149, 106, 27);
    NodeTraversal nodeTraversal0 = new NodeTraversal(compiler0, typeCheck0, (ScopeCreator) null);
    typeCheck0.visit(nodeTraversal0, node0, node0);
    compiler0.hasErrors();
},WARNING,java.lang.IllegalStateException,[WARNING] - The last statement of the test is part of another class with respect to the class under test. Check if the focal method is correct.
com.google.javascript.jscomp.TypeCheck,@Test(timeout = 4000)
public void test102145() throws Throwable {
    Compiler compiler0 = new Compiler();
    CompilerOptions compilerOptions0 = new CompilerOptions();
    DefaultPassConfig defaultPassConfig0 = new DefaultPassConfig(compilerOptions0);
    compiler0.initCompilerOptionsIfTesting();
    TypeCheck typeCheck0 = defaultPassConfig0.makeTypeCheck(compiler0);
    Node node0 = new Node(149, 106, 27);
    NodeTraversal nodeTraversal0 = new NodeTraversal(compiler0, typeCheck0, (ScopeCreator) null);
    typeCheck0.visit(nodeTraversal0, node0, node0);
    compiler0.getErrorCount();
},WARNING,java.lang.IllegalStateException,[WARNING] - The last statement of the test is part of another class with respect to the class under test. Check if the focal method is correct.
com.google.javascript.jscomp.TypeCheck,@Test(timeout = 4000)
public void test103146() throws Throwable {
    Compiler compiler0 = new Compiler();
    CompilerOptions compilerOptions0 = new CompilerOptions();
    DefaultPassConfig defaultPassConfig0 = new DefaultPassConfig(compilerOptions0);
    compiler0.initCompilerOptionsIfTesting();
    TypeCheck typeCheck0 = defaultPassConfig0.makeTypeCheck(compiler0);
    Node node0 = new Node(150, 106, (-817));
    NodeTraversal nodeTraversal0 = new NodeTraversal(compiler0, typeCheck0, (ScopeCreator) null);
    typeCheck0.visit(nodeTraversal0, node0, node0);
    compiler0.hasErrors();
},WARNING,java.lang.IllegalStateException,[WARNING] - The last statement of the test is part of another class with respect to the class under test. Check if the focal method is correct.
com.google.javascript.jscomp.TypeCheck,@Test(timeout = 4000)
public void test103147() throws Throwable {
    Compiler compiler0 = new Compiler();
    CompilerOptions compilerOptions0 = new CompilerOptions();
    DefaultPassConfig defaultPassConfig0 = new DefaultPassConfig(compilerOptions0);
    compiler0.initCompilerOptionsIfTesting();
    TypeCheck typeCheck0 = defaultPassConfig0.makeTypeCheck(compiler0);
    Node node0 = new Node(150, 106, (-817));
    NodeTraversal nodeTraversal0 = new NodeTraversal(compiler0, typeCheck0, (ScopeCreator) null);
    typeCheck0.visit(nodeTraversal0, node0, node0);
    compiler0.getErrorCount();
},WARNING,java.lang.IllegalStateException,[WARNING] - The last statement of the test is part of another class with respect to the class under test. Check if the focal method is correct.
com.google.javascript.jscomp.TypeCheck,@Test(timeout = 4000)
public void test106150() throws Throwable {
    Logger logger0 = Tracer.logger;
    LoggerErrorManager loggerErrorManager0 = new LoggerErrorManager(logger0);
    Compiler compiler0 = new Compiler(loggerErrorManager0);
    CompilerOptions compilerOptions0 = new CompilerOptions();
    DefaultPassConfig defaultPassConfig0 = new DefaultPassConfig(compilerOptions0);
    compiler0.initCompilerOptionsIfTesting();
    TypeCheck typeCheck0 = defaultPassConfig0.makeTypeCheck(compiler0);
    NodeTraversal nodeTraversal0 = new NodeTraversal(compiler0, typeCheck0, (ScopeCreator) null);
    Node node0 = new Node(153, 7948, 153);
    typeCheck0.visit(nodeTraversal0, node0, node0);
    node0.getCharno();
},WARNING,java.lang.IllegalStateException,[WARNING] - The last statement of the test is part of another class with respect to the class under test. Check if the focal method is correct.
com.google.javascript.jscomp.TypeCheck,@Test(timeout = 4000)
public void test113157() throws Throwable {
    Logger logger0 = Tracer.logger;
    LoggerErrorManager loggerErrorManager0 = new LoggerErrorManager(logger0);
    Compiler compiler0 = new Compiler(loggerErrorManager0);
    SimpleErrorReporter simpleErrorReporter0 = new SimpleErrorReporter();
    CompilerOptions compilerOptions0 = new CompilerOptions();
    DefaultPassConfig defaultPassConfig0 = new DefaultPassConfig(compilerOptions0);
    compiler0.initCompilerOptionsIfTesting();
    TypeCheck typeCheck0 = defaultPassConfig0.makeTypeCheck(compiler0);
    JSTypeRegistry jSTypeRegistry0 = new JSTypeRegistry(simpleErrorReporter0, false);
    LinkedList<JSType> linkedList0 = new LinkedList<JSType>();
    Node node0 = jSTypeRegistry0.createParameters((List<JSType>) linkedList0);
    Node node1 = new Node(20, node0, node0, node0, node0);
    NodeTraversal nodeTraversal0 = new NodeTraversal(compiler0, typeCheck0, (ScopeCreator) null);
    typeCheck0.visit(nodeTraversal0, node1, node0);
    compiler0.getWarningCount();
},WARNING,java.lang.IllegalStateException,[WARNING] - The last statement of the test is part of another class with respect to the class under test. Check if the focal method is correct.
com.google.javascript.jscomp.TypeCheck,@Test(timeout = 4000)
public void test113158() throws Throwable {
    Logger logger0 = Tracer.logger;
    LoggerErrorManager loggerErrorManager0 = new LoggerErrorManager(logger0);
    Compiler compiler0 = new Compiler(loggerErrorManager0);
    SimpleErrorReporter simpleErrorReporter0 = new SimpleErrorReporter();
    CompilerOptions compilerOptions0 = new CompilerOptions();
    DefaultPassConfig defaultPassConfig0 = new DefaultPassConfig(compilerOptions0);
    compiler0.initCompilerOptionsIfTesting();
    TypeCheck typeCheck0 = defaultPassConfig0.makeTypeCheck(compiler0);
    JSTypeRegistry jSTypeRegistry0 = new JSTypeRegistry(simpleErrorReporter0, false);
    LinkedList<JSType> linkedList0 = new LinkedList<JSType>();
    Node node0 = jSTypeRegistry0.createParameters((List<JSType>) linkedList0);
    Node node1 = new Node(20, node0, node0, node0, node0);
    NodeTraversal nodeTraversal0 = new NodeTraversal(compiler0, typeCheck0, (ScopeCreator) null);
    typeCheck0.visit(nodeTraversal0, node1, node0);
    loggerErrorManager0.getWarningCount();
},WARNING,java.lang.IllegalStateException,[WARNING] - The last statement of the test is part of another class with respect to the class under test. Check if the focal method is correct.
com.google.javascript.jscomp.TypeCheck,@Test(timeout = 4000)
public void test114159() throws Throwable {
    Logger logger0 = Tracer.logger;
    LoggerErrorManager loggerErrorManager0 = new LoggerErrorManager(logger0);
    CompilerOptions compilerOptions0 = new CompilerOptions();
    DefaultPassConfig defaultPassConfig0 = new DefaultPassConfig(compilerOptions0);
    Compiler compiler0 = new Compiler(loggerErrorManager0);
    compiler0.initCompilerOptionsIfTesting();
    TypeCheck typeCheck0 = defaultPassConfig0.makeTypeCheck(compiler0);
    Node node0 = Node.newString(142, ""7ei2["");
    Node node1 = new Node(11, node0, node0);
    NodeTraversal nodeTraversal0 = new NodeTraversal(compiler0, typeCheck0, (ScopeCreator) null);
    typeCheck0.visit(nodeTraversal0, node0, node1);
    typeCheck0.visit(nodeTraversal0, node1, node0);
    compiler0.getErrorCount();
},WARNING,java.lang.IllegalStateException,[WARNING] - The last statement of the test is part of another class with respect to the class under test. Check if the focal method is correct.
com.google.javascript.jscomp.TypeCheck,@Test(timeout = 4000)
public void test114160() throws Throwable {
    Logger logger0 = Tracer.logger;
    LoggerErrorManager loggerErrorManager0 = new LoggerErrorManager(logger0);
    CompilerOptions compilerOptions0 = new CompilerOptions();
    DefaultPassConfig defaultPassConfig0 = new DefaultPassConfig(compilerOptions0);
    Compiler compiler0 = new Compiler(loggerErrorManager0);
    compiler0.initCompilerOptionsIfTesting();
    TypeCheck typeCheck0 = defaultPassConfig0.makeTypeCheck(compiler0);
    Node node0 = Node.newString(142, ""7ei2["");
    Node node1 = new Node(11, node0, node0);
    NodeTraversal nodeTraversal0 = new NodeTraversal(compiler0, typeCheck0, (ScopeCreator) null);
    typeCheck0.visit(nodeTraversal0, node0, node1);
    typeCheck0.visit(nodeTraversal0, node1, node0);
    loggerErrorManager0.getWarningCount();
},WARNING,java.lang.IllegalStateException,[WARNING] - The last statement of the test is part of another class with respect to the class under test. Check if the focal method is correct.
com.google.javascript.jscomp.TypeCheck,@Test(timeout = 4000)
public void test115161() throws Throwable {
    Logger logger0 = Logger.getAnonymousLogger();
    LoggerErrorManager loggerErrorManager0 = new LoggerErrorManager(logger0);
    Compiler compiler0 = new Compiler(loggerErrorManager0);
    CompilerOptions compilerOptions0 = new CompilerOptions();
    DefaultPassConfig defaultPassConfig0 = new DefaultPassConfig(compilerOptions0);
    compiler0.initCompilerOptionsIfTesting();
    TypeCheck typeCheck0 = defaultPassConfig0.makeTypeCheck(compiler0);
    Node node0 = new Node(190, 190, (-230));
    SyntacticScopeCreator syntacticScopeCreator0 = new SyntacticScopeCreator(compiler0);
    NodeTraversal nodeTraversal0 = new NodeTraversal(compiler0, typeCheck0, syntacticScopeCreator0);
    Node node1 = new Node(1, node0);
    node1.addSuppression("""");
    typeCheck0.visit(nodeTraversal0, node1, node1);
    compiler0.getErrorCount();
},WARNING,java.lang.IllegalStateException,[WARNING] - The last statement of the test is part of another class with respect to the class under test. Check if the focal method is correct.
com.google.javascript.jscomp.TypeCheck,@Test(timeout = 4000)
public void test115162() throws Throwable {
    Logger logger0 = Logger.getAnonymousLogger();
    LoggerErrorManager loggerErrorManager0 = new LoggerErrorManager(logger0);
    Compiler compiler0 = new Compiler(loggerErrorManager0);
    CompilerOptions compilerOptions0 = new CompilerOptions();
    DefaultPassConfig defaultPassConfig0 = new DefaultPassConfig(compilerOptions0);
    compiler0.initCompilerOptionsIfTesting();
    TypeCheck typeCheck0 = defaultPassConfig0.makeTypeCheck(compiler0);
    Node node0 = new Node(190, 190, (-230));
    SyntacticScopeCreator syntacticScopeCreator0 = new SyntacticScopeCreator(compiler0);
    NodeTraversal nodeTraversal0 = new NodeTraversal(compiler0, typeCheck0, syntacticScopeCreator0);
    Node node1 = new Node(1, node0);
    node1.addSuppression("""");
    typeCheck0.visit(nodeTraversal0, node1, node1);
    loggerErrorManager0.getWarningCount();
},WARNING,java.lang.IllegalStateException,[WARNING] - The last statement of the test is part of another class with respect to the class under test. Check if the focal method is correct.
