com.google.javascript.jscomp.TypedScopeCreator,@Test(timeout = 4000)
public void test000() throws Throwable {
    Compiler compiler0 = new Compiler();
    Node node0 = compiler0.parseTestCode(""mBaeXht.nfe"");
    TypedScopeCreator typedScopeCreator0 = new TypedScopeCreator(compiler0);
    Node node1 = new Node((-2));
    Scope scope0 = typedScopeCreator0.createInitialScope(node1);
    Scope scope1 = typedScopeCreator0.createScope(node0, scope0);
    scope1.getVarCount();
},WARNING,java.lang.IllegalStateException,[WARNING] - The last statement of the test is part of another class with respect to the class under test. Check if the focal method is correct.
com.google.javascript.jscomp.TypedScopeCreator,@Test(timeout = 4000)
public void test033() throws Throwable {
    Compiler compiler0 = new Compiler();
    Node node0 = compiler0.parseTestCode(""cllapsPropert=es"");
    TypedScopeCreator typedScopeCreator0 = new TypedScopeCreator(compiler0);
    Scope scope0 = typedScopeCreator0.createScope(node0, (Scope) null);
    scope0.getVarCount();
},WARNING,java.lang.IllegalStateException,[WARNING] - The last statement of the test is part of another class with respect to the class under test. Check if the focal method is correct.
com.google.javascript.jscomp.TypedScopeCreator,@Test(timeout = 4000)
public void test044() throws Throwable {
    Compiler compiler0 = new Compiler();
    Node node0 = compiler0.parseTestCode(""8(Poy)"");
    TypedScopeCreator typedScopeCreator0 = new TypedScopeCreator(compiler0);
    Scope scope0 = typedScopeCreator0.createScope(node0, (Scope) null);
    scope0.isGlobal();
},WARNING,java.lang.IllegalStateException,[WARNING] - The last statement of the test is part of another class with respect to the class under test. Check if the focal method is correct.
com.google.javascript.jscomp.TypedScopeCreator,@Test(timeout = 4000)
public void test055() throws Throwable {
    Compiler compiler0 = new Compiler();
    compiler0.parseSyntheticCode(""collapseProperties"", ""collapseProperties"");
    TypedScopeCreator typedScopeCreator0 = new TypedScopeCreator(compiler0);
    Node node0 = new Node(41);
    Scope scope0 = typedScopeCreator0.createScope(node0, (Scope) null);
    scope0.isLocal();
},WARNING,java.lang.IllegalStateException,[WARNING] - The last statement of the test is part of another class with respect to the class under test. Check if the focal method is correct.
com.google.javascript.jscomp.TypedScopeCreator,@Test(timeout = 4000)
public void test066() throws Throwable {
    Compiler compiler0 = new Compiler();
    compiler0.parseSyntheticCode(""dPQ:foVw"", ""dPQ:foVw"");
    TypedScopeCreator typedScopeCreator0 = new TypedScopeCreator(compiler0);
    Node node0 = new Node(43);
    Scope scope0 = typedScopeCreator0.createScope(node0, (Scope) null);
    scope0.getVarCount();
},WARNING,java.lang.IllegalStateException,[WARNING] - The last statement of the test is part of another class with respect to the class under test. Check if the focal method is correct.
com.google.javascript.jscomp.TypedScopeCreator,@Test(timeout = 4000)
public void test077() throws Throwable {
    Compiler compiler0 = new Compiler();
    compiler0.parseSyntheticCode(""undeEined"", ""undeEined"");
    TypedScopeCreator typedScopeCreator0 = new TypedScopeCreator(compiler0);
    Node node0 = new Node(44);
    Scope scope0 = typedScopeCreator0.createScope(node0, (Scope) null);
    scope0.isLocal();
},WARNING,java.lang.IllegalStateException,[WARNING] - The last statement of the test is part of another class with respect to the class under test. Check if the focal method is correct.
com.google.javascript.jscomp.TypedScopeCreator,@Test(timeout = 4000)
public void test088() throws Throwable {
    Compiler compiler0 = new Compiler();
    compiler0.parseSyntheticCode(""TypedScopeCreator$1"", ""TypedScopeCreator$1"");
    TypedScopeCreator typedScopeCreator0 = new TypedScopeCreator(compiler0);
    Node node0 = new Node(47);
    Scope scope0 = typedScopeCreator0.createScope(node0, (Scope) null);
    scope0.getVarCount();
},WARNING,java.lang.IllegalStateException,[WARNING] - The last statement of the test is part of another class with respect to the class under test. Check if the focal method is correct.
com.google.javascript.jscomp.TypedScopeCreator,@Test(timeout = 4000)
public void test099() throws Throwable {
    Compiler compiler0 = new Compiler();
    compiler0.parseTestCode(""rc?)"");
    Node node0 = new Node(69);
    TypedScopeCreator typedScopeCreator0 = new TypedScopeCreator(compiler0);
    Scope scope0 = typedScopeCreator0.createScope(node0, (Scope) null);
    scope0.isLocal();
},WARNING,java.lang.IllegalStateException,[WARNING] - The last statement of the test is part of another class with respect to the class under test. Check if the focal method is correct.
com.google.javascript.jscomp.TypedScopeCreator,@Test(timeout = 4000)
public void test1010() throws Throwable {
    Compiler compiler0 = new Compiler();
    compiler0.parseTestCode(""MDsHg{lwZK<Jbe"");
    TypedScopeCreator typedScopeCreator0 = new TypedScopeCreator(compiler0);
    Node node0 = new Node(122);
    Scope scope0 = typedScopeCreator0.createScope(node0, (Scope) null);
    scope0.isLocal();
},WARNING,java.lang.IllegalStateException,[WARNING] - The last statement of the test is part of another class with respect to the class under test. Check if the focal method is correct.
com.google.javascript.jscomp.TypedScopeCreator,@Test(timeout = 4000)
public void test1414() throws Throwable {
    Compiler compiler0 = new Compiler();
    Node node0 = compiler0.parseTestCode(""D"");
    Node node1 = new Node(86);
    node1.addChildToFront(node0);
    node1.addSuppression(""[ck^]+Qy:J-uKgs\""7"");
    TypedScopeCreator typedScopeCreator0 = new TypedScopeCreator(compiler0);
    Scope scope0 = typedScopeCreator0.createScope(node1, (Scope) null);
    scope0.getVarCount();
},WARNING,java.lang.IllegalStateException,[WARNING] - The last statement of the test is part of another class with respect to the class under test. Check if the focal method is correct.
com.google.javascript.jscomp.TypedScopeCreator,@Test(timeout = 4000)
public void test1616() throws Throwable {
    Compiler compiler0 = new Compiler();
    compiler0.parseTestCode(""msg.iterator.primitive"");
    TypedScopeCreator typedScopeCreator0 = new TypedScopeCreator(compiler0);
    Node node0 = compiler0.parseSyntheticCode(""msg.iterator.primitive"", ""msg.iterator.primitive"");
    Scope scope0 = typedScopeCreator0.createScope(node0, (Scope) null);
    scope0.getVarCount();
},WARNING,java.lang.IllegalStateException,[WARNING] - The last statement of the test is part of another class with respect to the class under test. Check if the focal method is correct.
com.google.javascript.jscomp.TypedScopeCreator,@Test(timeout = 4000)
public void test1717() throws Throwable {
    Compiler compiler0 = new Compiler();
    Node node0 = compiler0.parseTestCode(""goog.typedef"");
    TypedScopeCreator typedScopeCreator0 = new TypedScopeCreator(compiler0);
    Scope scope0 = typedScopeCreator0.createScope(node0, (Scope) null);
    scope0.isGlobal();
},WARNING,java.lang.IllegalStateException,[WARNING] - The last statement of the test is part of another class with respect to the class under test. Check if the focal method is correct.
