com.google.javascript.jscomp.NameAnalyzer,@Test(timeout = 4000)
public void test022() throws Throwable {
    Compiler compiler0 = new Compiler();
    NameAnalyzer nameAnalyzer0 = new NameAnalyzer(compiler0, true);
    Node node0 = Normalize.parseAndNormalizeTestCode(compiler0, ""var t"", ""var t"");
    Node node1 = new Node(16, node0);
    nameAnalyzer0.process(node1, node0);
    node0.hasOneChild();
},WARNING,java.lang.IllegalStateException,[WARNING] - The last statement of the test is part of another class with respect to the class under test. Check if the focal method is correct.
com.google.javascript.jscomp.NameAnalyzer,@Test(timeout = 4000)
public void test023() throws Throwable {
    Compiler compiler0 = new Compiler();
    NameAnalyzer nameAnalyzer0 = new NameAnalyzer(compiler0, true);
    Node node0 = Normalize.parseAndNormalizeTestCode(compiler0, ""var t"", ""var t"");
    Node node1 = new Node(16, node0);
    nameAnalyzer0.process(node1, node0);
    node0.hasChildren();
},WARNING,java.lang.IllegalStateException,[WARNING] - The last statement of the test is part of another class with respect to the class under test. Check if the focal method is correct.
com.google.javascript.jscomp.NameAnalyzer,@Test(timeout = 4000)
public void test056() throws Throwable {
    Compiler compiler0 = new Compiler();
    Node node0 = Node.newString(148, ""B"");
    Node node1 = new Node(0, node0, node0, node0);
    Node node2 = new Node(16, node1);
    NameAnalyzer nameAnalyzer0 = new NameAnalyzer(compiler0, true);
    nameAnalyzer0.process(node2, node1);
    node2.isRegExp();
},WARNING,java.lang.IllegalStateException,[WARNING] - The last statement of the test is part of another class with respect to the class under test. Check if the focal method is correct.
com.google.javascript.jscomp.NameAnalyzer,@Test(timeout = 4000)
public void test089() throws Throwable {
    Compiler compiler0 = new Compiler();
    NameAnalyzer nameAnalyzer0 = new NameAnalyzer(compiler0, true);
    Node node0 = Normalize.parseAndNormalizeTestCode(compiler0, ""com.google.javascript.jscomp.NameAnalyzer$ReferencePropagationCallback"", ""com.google.javascript.jscomp.NameAnalyzer$ReferencePropagationCallback"");
    nameAnalyzer0.process(node0, node0);
    node0.hasChildren();
},WARNING,java.lang.IllegalStateException,[WARNING] - The last statement of the test is part of another class with respect to the class under test. Check if the focal method is correct.
com.google.javascript.jscomp.NameAnalyzer,@Test(timeout = 4000)
public void test1112() throws Throwable {
    Compiler compiler0 = new Compiler();
    Node node0 = new Node((-1791368267));
    Node node1 = new Node(4);
    node1.addChildToBack(node0);
    NameAnalyzer nameAnalyzer0 = new NameAnalyzer(compiler0, true);
    nameAnalyzer0.process(node0, node1);
    node0.isLabelName();
},WARNING,java.lang.IllegalStateException,[WARNING] - The last statement of the test is part of another class with respect to the class under test. Check if the focal method is correct.
com.google.javascript.jscomp.NameAnalyzer,@Test(timeout = 4000)
public void test1617() throws Throwable {
    Compiler compiler0 = new Compiler();
    NameAnalyzer nameAnalyzer0 = new NameAnalyzer(compiler0, true);
    Node node0 = new Node(111);
    Node node1 = Node.newNumber((double) 30, 4, 46);
    node0.addChildToBack(node1);
    nameAnalyzer0.process(node0, node0);
    node0.isString();
},WARNING,java.lang.IllegalStateException,[WARNING] - The last statement of the test is part of another class with respect to the class under test. Check if the focal method is correct.
com.google.javascript.jscomp.NameAnalyzer,@Test(timeout = 4000)
public void test1718() throws Throwable {
    Compiler compiler0 = new Compiler();
    NameAnalyzer nameAnalyzer0 = new NameAnalyzer(compiler0, true);
    Node node0 = new Node(114);
    Node node1 = new Node(114);
    Node node2 = new Node(110, node0, node1, node0, node1, 12, 54);
    nameAnalyzer0.process(node0, node2);
    node2.hasOneChild();
},WARNING,java.lang.IllegalStateException,[WARNING] - The last statement of the test is part of another class with respect to the class under test. Check if the focal method is correct.
com.google.javascript.jscomp.NameAnalyzer,@Test(timeout = 4000)
public void test1920() throws Throwable {
    Compiler compiler0 = new Compiler();
    Node node0 = new Node(97);
    Node node1 = new Node(0);
    NameAnalyzer nameAnalyzer0 = new NameAnalyzer(compiler0, true);
    Node node2 = new Node(114, node0, node0, node0, node1, 37, 42);
    nameAnalyzer0.process(node2, node2);
    node2.isThrow();
},WARNING,java.lang.IllegalStateException,[WARNING] - The last statement of the test is part of another class with respect to the class under test. Check if the focal method is correct.
com.google.javascript.jscomp.NameAnalyzer,@Test(timeout = 4000)
public void test2021() throws Throwable {
    Compiler compiler0 = new Compiler();
    NameAnalyzer nameAnalyzer0 = new NameAnalyzer(compiler0, true);
    Node node0 = Normalize.parseAndNormalizeTestCode(compiler0, ""var t"", ""var t"");
    Node node1 = new Node(16, node0);
    nameAnalyzer0.process(node0, node1);
    nameAnalyzer0.process(node1, node1);
    node1.isRegExp();
},WARNING,java.lang.IllegalStateException,[WARNING] - The last statement of the test is part of another class with respect to the class under test. Check if the focal method is correct.
com.google.javascript.jscomp.NameAnalyzer,@Test(timeout = 4000)
public void test2223() throws Throwable {
    Compiler compiler0 = new Compiler();
    NameAnalyzer nameAnalyzer0 = new NameAnalyzer(compiler0, true);
    Node node0 = Normalize.parseAndNormalizeTestCode(compiler0, ""var t;"", ""var t;"");
    nameAnalyzer0.process(node0, node0);
    node0.getChildCount();
},WARNING,java.lang.IllegalStateException,[WARNING] - The last statement of the test is part of another class with respect to the class under test. Check if the focal method is correct.
