org.apache.commons.jxpath.ri.model.dom.DOMNodePointer,@Test(timeout = 4000)
public void test4546() throws Throwable {
    IIOMetadataNode iIOMetadataNode0 = new IIOMetadataNode(""B"");
    Locale locale0 = Locale.CANADA_FRENCH;
    DOMNodePointer dOMNodePointer0 = new DOMNodePointer(iIOMetadataNode0, locale0);
    QName qName0 = dOMNodePointer0.getName();
    dOMNodePointer0.attributeIterator(qName0);
    qName0.getName();
},WARNING,java.lang.IllegalStateException,[WARNING] - The last statement of the test is part of another class with respect to the class under test. Check if the focal method is correct.
org.apache.commons.jxpath.ri.model.dom.DOMNodePointer,@Test(timeout = 4000)
public void test4547() throws Throwable {
    IIOMetadataNode iIOMetadataNode0 = new IIOMetadataNode(""B"");
    Locale locale0 = Locale.CANADA_FRENCH;
    DOMNodePointer dOMNodePointer0 = new DOMNodePointer(iIOMetadataNode0, locale0);
    QName qName0 = dOMNodePointer0.getName();
    dOMNodePointer0.attributeIterator(qName0);
    qName0.toString();
},WARNING,java.lang.IllegalStateException,[WARNING] - The last statement of the test is part of another class with respect to the class under test. Check if the focal method is correct.
org.apache.commons.jxpath.ri.model.dom.DOMNodePointer,@Test(timeout = 4000)
public void test4750() throws Throwable {
    IIOMetadataNode iIOMetadataNode0 = new IIOMetadataNode(""B"");
    Locale locale0 = Locale.CANADA_FRENCH;
    DOMNodePointer dOMNodePointer0 = new DOMNodePointer(iIOMetadataNode0, locale0);
    JXPathContext jXPathContext0 = JXPathContext.newContext((Object) iIOMetadataNode0);
    QName qName0 = dOMNodePointer0.getName();
    NodePointer nodePointer0 = dOMNodePointer0.createAttribute(jXPathContext0, qName0);
    int int0 = dOMNodePointer0.compareChildNodePointers(nodePointer0, nodePointer0);
    qName0.toString();
},WARNING,java.lang.IllegalStateException,[WARNING] - The last statement of the test is part of another class with respect to the class under test. Check if the focal method is correct.
org.apache.commons.jxpath.ri.model.dom.DOMNodePointer,@Test(timeout = 4000)
public void test5053() throws Throwable {
    IIOMetadataNode iIOMetadataNode0 = new IIOMetadataNode(""B"");
    Locale locale0 = Locale.CANADA_FRENCH;
    DOMNodePointer dOMNodePointer0 = new DOMNodePointer(iIOMetadataNode0, locale0);
    iIOMetadataNode0.setAttribute(""http://www.w3.org/2000/xmlns/"", ""http://www.w3.org/XML/1998/namespace"");
    NodeIterator nodeIterator0 = dOMNodePointer0.namespaceIterator();
    nodeIterator0.getPosition();
},WARNING,java.lang.IllegalStateException,[WARNING] - The last statement of the test is part of another class with respect to the class under test. Check if the focal method is correct.
org.apache.commons.jxpath.ri.model.dom.DOMNodePointer,@Test(timeout = 4000)
public void test5154() throws Throwable {
    IIOMetadataNode iIOMetadataNode0 = new IIOMetadataNode(""B"");
    Locale locale0 = Locale.CANADA_FRENCH;
    DOMNodePointer dOMNodePointer0 = new DOMNodePointer(iIOMetadataNode0, locale0);
    JXPathContext jXPathContext0 = JXPathContext.newContext((Object) iIOMetadataNode0);
    QName qName0 = dOMNodePointer0.getName();
    dOMNodePointer0.createAttribute(jXPathContext0, qName0);
    NodeIterator nodeIterator0 = dOMNodePointer0.namespaceIterator();
    nodeIterator0.getPosition();
},WARNING,java.lang.IllegalStateException,[WARNING] - The last statement of the test is part of another class with respect to the class under test. Check if the focal method is correct.
org.apache.commons.jxpath.ri.model.dom.DOMNodePointer,@Test(timeout = 4000)
public void test5659() throws Throwable {
    IIOMetadataNode iIOMetadataNode0 = new IIOMetadataNode(""Unknown namespace prefix: "");
    Locale locale0 = Locale.GERMANY;
    DOMNodePointer dOMNodePointer0 = new DOMNodePointer(iIOMetadataNode0, locale0, ""\""?&-3B"");
    iIOMetadataNode0.appendChild(iIOMetadataNode0);
    dOMNodePointer0.remove();
    dOMNodePointer0.isContainer();
},WARNING,java.lang.IllegalStateException,[WARNING] - The last statement of the test is part of another class with respect to the class under test. Check if the focal method is correct.
org.apache.commons.jxpath.ri.model.dom.DOMNodePointer,@Test(timeout = 4000)
public void test5760() throws Throwable {
    IIOMetadataNode iIOMetadataNode0 = new IIOMetadataNode(""B"");
    Locale locale0 = Locale.CANADA_FRENCH;
    DOMNodePointer dOMNodePointer0 = new DOMNodePointer(iIOMetadataNode0, locale0);
    JXPathContext jXPathContext0 = JXPathContext.newContext((Object) iIOMetadataNode0);
    QName qName0 = dOMNodePointer0.getName();
    dOMNodePointer0.createAttribute(jXPathContext0, qName0);
    dOMNodePointer0.createAttribute(jXPathContext0, qName0);
    qName0.getName();
},WARNING,java.lang.IllegalStateException,[WARNING] - The last statement of the test is part of another class with respect to the class under test. Check if the focal method is correct.
org.apache.commons.jxpath.ri.model.dom.DOMNodePointer,@Test(timeout = 4000)
public void test5761() throws Throwable {
    IIOMetadataNode iIOMetadataNode0 = new IIOMetadataNode(""B"");
    Locale locale0 = Locale.CANADA_FRENCH;
    DOMNodePointer dOMNodePointer0 = new DOMNodePointer(iIOMetadataNode0, locale0);
    JXPathContext jXPathContext0 = JXPathContext.newContext((Object) iIOMetadataNode0);
    QName qName0 = dOMNodePointer0.getName();
    dOMNodePointer0.createAttribute(jXPathContext0, qName0);
    dOMNodePointer0.createAttribute(jXPathContext0, qName0);
    qName0.toString();
},WARNING,java.lang.IllegalStateException,[WARNING] - The last statement of the test is part of another class with respect to the class under test. Check if the focal method is correct.
org.apache.commons.jxpath.ri.model.dom.DOMNodePointer,@Test(timeout = 4000)
public void test5963() throws Throwable {
    IIOMetadataNode iIOMetadataNode0 = new IIOMetadataNode(""B"");
    Locale locale0 = Locale.CANADA_FRENCH;
    DOMNodePointer dOMNodePointer0 = new DOMNodePointer(iIOMetadataNode0, locale0);
    LinkedList<Locale.LanguageRange> linkedList0 = new LinkedList<Locale.LanguageRange>();
    dOMNodePointer0.setValue(linkedList0);
    dOMNodePointer0.isNode();
},WARNING,java.lang.IllegalStateException,[WARNING] - The last statement of the test is part of another class with respect to the class under test. Check if the focal method is correct.
org.apache.commons.jxpath.ri.model.dom.DOMNodePointer,@Test(timeout = 4000)
public void test6165() throws Throwable {
    IIOMetadataNode iIOMetadataNode0 = new IIOMetadataNode(""mtmiHL"");
    Locale locale0 = Locale.JAPANESE;
    DOMNodePointer dOMNodePointer0 = new DOMNodePointer(iIOMetadataNode0, locale0, ""<<unknown namespace>>"");
    dOMNodePointer0.setValue(iIOMetadataNode0);
    dOMNodePointer0.isNode();
},WARNING,java.lang.IllegalStateException,[WARNING] - The last statement of the test is part of another class with respect to the class under test. Check if the focal method is correct.
org.apache.commons.jxpath.ri.model.dom.DOMNodePointer,@Test(timeout = 4000)
public void test6974() throws Throwable {
    IIOMetadataNode iIOMetadataNode0 = new IIOMetadataNode();
    Locale locale0 = Locale.forLanguageTag("""");
    DOMNodePointer dOMNodePointer0 = new DOMNodePointer(iIOMetadataNode0, locale0, ""preserve"");
    dOMNodePointer0.getNamespaceResolver();
    NamespaceResolver namespaceResolver0 = dOMNodePointer0.getNamespaceResolver();
    namespaceResolver0.isSealed();
},WARNING,java.lang.IllegalStateException,[WARNING] - The last statement of the test is part of another class with respect to the class under test. Check if the focal method is correct.
org.apache.commons.jxpath.ri.model.dom.DOMNodePointer,@Test(timeout = 4000)
public void test7176() throws Throwable {
    IIOMetadataNode iIOMetadataNode0 = new IIOMetadataNode(""B"");
    Locale locale0 = Locale.CANADA_FRENCH;
    DOMNodePointer dOMNodePointer0 = new DOMNodePointer(iIOMetadataNode0, locale0);
    QName qName0 = dOMNodePointer0.getName();
    NodeNameTest nodeNameTest0 = new NodeNameTest(qName0, ""<<unknown namespace>>"");
    boolean boolean0 = DOMNodePointer.testNode((Node) iIOMetadataNode0, (NodeTest) nodeNameTest0);
    nodeNameTest0.toString();
},WARNING,java.lang.IllegalStateException,[WARNING] - The last statement of the test is part of another class with respect to the class under test. Check if the focal method is correct.
org.apache.commons.jxpath.ri.model.dom.DOMNodePointer,@Test(timeout = 4000)
public void test7278() throws Throwable {
    IIOMetadataNode iIOMetadataNode0 = new IIOMetadataNode(""B"");
    Locale locale0 = Locale.CANADA_FRENCH;
    DOMNodePointer dOMNodePointer0 = new DOMNodePointer(iIOMetadataNode0, locale0);
    QName qName0 = dOMNodePointer0.getName();
    NodeNameTest nodeNameTest0 = new NodeNameTest(qName0);
    boolean boolean0 = DOMNodePointer.testNode((Node) iIOMetadataNode0, (NodeTest) nodeNameTest0);
    nodeNameTest0.toString();
},WARNING,java.lang.IllegalStateException,[WARNING] - The last statement of the test is part of another class with respect to the class under test. Check if the focal method is correct.
org.apache.commons.jxpath.ri.model.dom.DOMNodePointer,@Test(timeout = 4000)
public void test7784() throws Throwable {
    IIOMetadataNode iIOMetadataNode0 = new IIOMetadataNode(""B"");
    Locale locale0 = Locale.CANADA_FRENCH;
    DOMNodePointer dOMNodePointer0 = new DOMNodePointer(iIOMetadataNode0, locale0);
    JXPathContext jXPathContext0 = JXPathContext.newContext((Object) iIOMetadataNode0);
    QName qName0 = dOMNodePointer0.getName();
    NodePointer nodePointer0 = dOMNodePointer0.createAttribute(jXPathContext0, qName0);
    NodeNameTest nodeNameTest0 = new NodeNameTest(qName0);
    dOMNodePointer0.childIterator(nodeNameTest0, false, nodePointer0);
    nodeNameTest0.toString();
},WARNING,java.lang.IllegalStateException,[WARNING] - The last statement of the test is part of another class with respect to the class under test. Check if the focal method is correct.
org.apache.commons.jxpath.ri.model.dom.DOMNodePointer,@Test(timeout = 4000)
public void test7785() throws Throwable {
    IIOMetadataNode iIOMetadataNode0 = new IIOMetadataNode(""B"");
    Locale locale0 = Locale.CANADA_FRENCH;
    DOMNodePointer dOMNodePointer0 = new DOMNodePointer(iIOMetadataNode0, locale0);
    JXPathContext jXPathContext0 = JXPathContext.newContext((Object) iIOMetadataNode0);
    QName qName0 = dOMNodePointer0.getName();
    NodePointer nodePointer0 = dOMNodePointer0.createAttribute(jXPathContext0, qName0);
    NodeNameTest nodeNameTest0 = new NodeNameTest(qName0);
    dOMNodePointer0.childIterator(nodeNameTest0, false, nodePointer0);
    qName0.toString();
},WARNING,java.lang.IllegalStateException,[WARNING] - The last statement of the test is part of another class with respect to the class under test. Check if the focal method is correct.
org.apache.commons.jxpath.ri.model.dom.DOMNodePointer,@Test(timeout = 4000)
public void test8290() throws Throwable {
    IIOMetadataNode iIOMetadataNode0 = new IIOMetadataNode(""B"");
    Locale locale0 = Locale.CANADA_FRENCH;
    DOMNodePointer dOMNodePointer0 = new DOMNodePointer(iIOMetadataNode0, locale0);
    NodePointer nodePointer0 = dOMNodePointer0.namespacePointer(""v/Ql~4BM USBo+\rQi"");
    nodePointer0.isAttribute();
},WARNING,java.lang.IllegalStateException,[WARNING] - The last statement of the test is part of another class with respect to the class under test. Check if the focal method is correct.
org.apache.commons.jxpath.ri.model.dom.DOMNodePointer,@Test(timeout = 4000)
public void test8695() throws Throwable {
    IIOMetadataNode iIOMetadataNode0 = new IIOMetadataNode(""B"");
    Locale locale0 = Locale.CANADA_FRENCH;
    DOMNodePointer dOMNodePointer0 = new DOMNodePointer(iIOMetadataNode0, locale0);
    JXPathContext jXPathContext0 = JXPathContext.newContext((Object) iIOMetadataNode0);
    QName qName0 = dOMNodePointer0.getName();
    NodePointer nodePointer0 = dOMNodePointer0.createAttribute(jXPathContext0, qName0);
    int int0 = dOMNodePointer0.compareChildNodePointers(nodePointer0, dOMNodePointer0);
    qName0.toString();
},WARNING,java.lang.IllegalStateException,[WARNING] - The last statement of the test is part of another class with respect to the class under test. Check if the focal method is correct.
