org.apache.commons.lang3.ArrayUtils,@Test(timeout = 4000)
public void test0013() throws Throwable {
    boolean[] booleanArray0 = new boolean[1];
    int int0 = ArrayUtils.lastIndexOf(booleanArray0, true, 0);
    Arrays.equals(new boolean[] { false }, booleanArray0);
},ERROR,java.nio.file.NoSuchFileException,/home/star_usit_group/tratto/experiment/generator/resources/defects4j/temp/Lang_37b/src/java/java/util/Arrays.java
org.apache.commons.lang3.ArrayUtils,@Test(timeout = 4000)
public void test0026() throws Throwable {
    boolean[] booleanArray0 = new boolean[1];
    int int0 = ArrayUtils.indexOf(booleanArray0, true, Integer.MAX_VALUE);
    Arrays.equals(new boolean[] { false }, booleanArray0);
},ERROR,java.nio.file.NoSuchFileException,/home/star_usit_group/tratto/experiment/generator/resources/defects4j/temp/Lang_37b/src/java/java/util/Arrays.java
org.apache.commons.lang3.ArrayUtils,@Test(timeout = 4000)
public void test01441() throws Throwable {
    boolean[] booleanArray0 = new boolean[7];
    ArrayUtils.reverse(booleanArray0);
    Arrays.equals(new boolean[] { false, false, false, false, false, false, false }, booleanArray0);
},ERROR,java.nio.file.NoSuchFileException,/home/star_usit_group/tratto/experiment/generator/resources/defects4j/temp/Lang_37b/src/java/java/util/Arrays.java
org.apache.commons.lang3.ArrayUtils,@Test(timeout = 4000)
public void test02365() throws Throwable {
    boolean[] booleanArray0 = new boolean[6];
    boolean[] booleanArray1 = new boolean[8];
    boolean boolean0 = ArrayUtils.isSameLength(booleanArray0, booleanArray1);
    Arrays.equals(new boolean[] { false, false, false, false, false, false }, booleanArray0);
},ERROR,java.nio.file.NoSuchFileException,/home/star_usit_group/tratto/experiment/generator/resources/defects4j/temp/Lang_37b/src/java/java/util/Arrays.java
org.apache.commons.lang3.ArrayUtils,@Test(timeout = 4000)
public void test02366() throws Throwable {
    boolean[] booleanArray0 = new boolean[6];
    boolean[] booleanArray1 = new boolean[8];
    boolean boolean0 = ArrayUtils.isSameLength(booleanArray0, booleanArray1);
    Arrays.equals(new boolean[] { false, false, false, false, false, false, false, false }, booleanArray1);
},ERROR,java.nio.file.NoSuchFileException,/home/star_usit_group/tratto/experiment/generator/resources/defects4j/temp/Lang_37b/src/java/java/util/Arrays.java
org.apache.commons.lang3.ArrayUtils,@Test(timeout = 4000)
public void test02589() throws Throwable {
    boolean[] booleanArray0 = new boolean[2];
    boolean[] booleanArray1 = ArrayUtils.subarray(booleanArray0, 4, 4);
    Arrays.equals(new boolean[] { false, false }, booleanArray0);
},ERROR,java.nio.file.NoSuchFileException,/home/star_usit_group/tratto/experiment/generator/resources/defects4j/temp/Lang_37b/src/java/java/util/Arrays.java
org.apache.commons.lang3.ArrayUtils,@Test(timeout = 4000)
public void test02590() throws Throwable {
    boolean[] booleanArray0 = new boolean[2];
    boolean[] booleanArray1 = ArrayUtils.subarray(booleanArray0, 4, 4);
    Arrays.equals(new boolean[] {}, booleanArray1);
},ERROR,java.nio.file.NoSuchFileException,/home/star_usit_group/tratto/experiment/generator/resources/defects4j/temp/Lang_37b/src/java/java/util/Arrays.java
org.apache.commons.lang3.ArrayUtils,@Test(timeout = 4000)
public void test02697() throws Throwable {
    boolean[] booleanArray0 = new boolean[7];
    boolean[] booleanArray1 = ArrayUtils.subarray(booleanArray0, 0, 0);
    Arrays.equals(new boolean[] { false, false, false, false, false, false, false }, booleanArray0);
},ERROR,java.nio.file.NoSuchFileException,/home/star_usit_group/tratto/experiment/generator/resources/defects4j/temp/Lang_37b/src/java/java/util/Arrays.java
org.apache.commons.lang3.ArrayUtils,@Test(timeout = 4000)
public void test02698() throws Throwable {
    boolean[] booleanArray0 = new boolean[7];
    boolean[] booleanArray1 = ArrayUtils.subarray(booleanArray0, 0, 0);
    Arrays.equals(new boolean[] {}, booleanArray1);
},ERROR,java.nio.file.NoSuchFileException,/home/star_usit_group/tratto/experiment/generator/resources/defects4j/temp/Lang_37b/src/java/java/util/Arrays.java
org.apache.commons.lang3.ArrayUtils,@Test(timeout = 4000)
public void test030123() throws Throwable {
    Short[] shortArray0 = new Short[5];
    Short short0 = new Short((short) 1588);
},ERROR,java.nio.file.NoSuchFileException,/home/star_usit_group/tratto/experiment/generator/resources/defects4j/temp/Lang_37b/src/java/java/lang/Short.java
org.apache.commons.lang3.ArrayUtils,@Test(timeout = 4000)
public void test038184() throws Throwable {
    Object object0 = new Object();
},ERROR,java.nio.file.NoSuchFileException,/home/star_usit_group/tratto/experiment/generator/resources/defects4j/temp/Lang_37b/src/java/java/lang/Object.java
org.apache.commons.lang3.ArrayUtils,@Test(timeout = 4000)
public void test053289() throws Throwable {
    boolean[] booleanArray0 = new boolean[3];
    booleanArray0[1] = true;
    int int0 = ArrayUtils.lastIndexOf(booleanArray0, true, 2341);
    Arrays.equals(new boolean[] { false, true, false }, booleanArray0);
},ERROR,java.nio.file.NoSuchFileException,/home/star_usit_group/tratto/experiment/generator/resources/defects4j/temp/Lang_37b/src/java/java/util/Arrays.java
org.apache.commons.lang3.ArrayUtils,@Test(timeout = 4000)
public void test054292() throws Throwable {
    boolean[] booleanArray0 = new boolean[1];
    int int0 = ArrayUtils.lastIndexOf(booleanArray0, false);
    Arrays.equals(new boolean[] { false }, booleanArray0);
},ERROR,java.nio.file.NoSuchFileException,/home/star_usit_group/tratto/experiment/generator/resources/defects4j/temp/Lang_37b/src/java/java/util/Arrays.java
org.apache.commons.lang3.ArrayUtils,@Test(timeout = 4000)
public void test057298() throws Throwable {
    Object[] objectArray0 = new Object[6];
    Object object0 = new Object();
},ERROR,java.nio.file.NoSuchFileException,/home/star_usit_group/tratto/experiment/generator/resources/defects4j/temp/Lang_37b/src/java/java/lang/Object.java
org.apache.commons.lang3.ArrayUtils,@Test(timeout = 4000)
public void test065322() throws Throwable {
    Float[] floatArray0 = new Float[4];
    Float float0 = new Float(0.0);
},ERROR,java.nio.file.NoSuchFileException,/home/star_usit_group/tratto/experiment/generator/resources/defects4j/temp/Lang_37b/src/java/java/lang/Float.java
org.apache.commons.lang3.ArrayUtils,@Test(timeout = 4000)
public void test077363() throws Throwable {
    Integer integer0 = new Integer(57);
},ERROR,java.nio.file.NoSuchFileException,/home/star_usit_group/tratto/experiment/generator/resources/defects4j/temp/Lang_37b/src/java/java/lang/Integer.java
org.apache.commons.lang3.ArrayUtils,@Test(timeout = 4000)
public void test078368() throws Throwable {
    boolean[] booleanArray0 = new boolean[9];
    int int0 = ArrayUtils.indexOf(booleanArray0, false, 1);
    Arrays.equals(new boolean[] { false, false, false, false, false, false, false, false, false }, booleanArray0);
},ERROR,java.nio.file.NoSuchFileException,/home/star_usit_group/tratto/experiment/generator/resources/defects4j/temp/Lang_37b/src/java/java/util/Arrays.java
org.apache.commons.lang3.ArrayUtils,@Test(timeout = 4000)
public void test079371() throws Throwable {
    boolean[] booleanArray0 = new boolean[8];
    booleanArray0[0] = true;
    int int0 = ArrayUtils.indexOf(booleanArray0, false);
    Arrays.equals(new boolean[] { true, false, false, false, false, false, false, false }, booleanArray0);
},ERROR,java.nio.file.NoSuchFileException,/home/star_usit_group/tratto/experiment/generator/resources/defects4j/temp/Lang_37b/src/java/java/util/Arrays.java
org.apache.commons.lang3.ArrayUtils,@Test(timeout = 4000)
public void test080374() throws Throwable {
    boolean[] booleanArray0 = new boolean[1];
    booleanArray0[0] = true;
    int int0 = ArrayUtils.indexOf(booleanArray0, false);
    Arrays.equals(new boolean[] { true }, booleanArray0);
},ERROR,java.nio.file.NoSuchFileException,/home/star_usit_group/tratto/experiment/generator/resources/defects4j/temp/Lang_37b/src/java/java/util/Arrays.java
org.apache.commons.lang3.ArrayUtils,@Test(timeout = 4000)
public void test084384() throws Throwable {
    Object[] objectArray0 = new Object[5];
    Object object0 = new Object();
},ERROR,java.nio.file.NoSuchFileException,/home/star_usit_group/tratto/experiment/generator/resources/defects4j/temp/Lang_37b/src/java/java/lang/Object.java
org.apache.commons.lang3.ArrayUtils,@Test(timeout = 4000)
public void test105452() throws Throwable {
    boolean[] booleanArray0 = new boolean[0];
    boolean[] booleanArray1 = ArrayUtils.clone(booleanArray0);
    Arrays.equals(new boolean[] {}, booleanArray0);
},ERROR,java.nio.file.NoSuchFileException,/home/star_usit_group/tratto/experiment/generator/resources/defects4j/temp/Lang_37b/src/java/java/util/Arrays.java
org.apache.commons.lang3.ArrayUtils,@Test(timeout = 4000)
public void test105453() throws Throwable {
    boolean[] booleanArray0 = new boolean[0];
    boolean[] booleanArray1 = ArrayUtils.clone(booleanArray0);
    Arrays.equals(new boolean[] {}, booleanArray1);
},ERROR,java.nio.file.NoSuchFileException,/home/star_usit_group/tratto/experiment/generator/resources/defects4j/temp/Lang_37b/src/java/java/util/Arrays.java
org.apache.commons.lang3.ArrayUtils,@Test(timeout = 4000)
public void test112506() throws Throwable {
    boolean[] booleanArray0 = new boolean[0];
    boolean[] booleanArray1 = ArrayUtils.addAll(booleanArray0, booleanArray0);
    Arrays.equals(new boolean[] {}, booleanArray0);
},ERROR,java.nio.file.NoSuchFileException,/home/star_usit_group/tratto/experiment/generator/resources/defects4j/temp/Lang_37b/src/java/java/util/Arrays.java
org.apache.commons.lang3.ArrayUtils,@Test(timeout = 4000)
public void test112507() throws Throwable {
    boolean[] booleanArray0 = new boolean[0];
    boolean[] booleanArray1 = ArrayUtils.addAll(booleanArray0, booleanArray0);
    Arrays.equals(new boolean[] {}, booleanArray1);
},ERROR,java.nio.file.NoSuchFileException,/home/star_usit_group/tratto/experiment/generator/resources/defects4j/temp/Lang_37b/src/java/java/util/Arrays.java
org.apache.commons.lang3.ArrayUtils,@Test(timeout = 4000)
public void test119560() throws Throwable {
    boolean[] booleanArray0 = new boolean[2];
    boolean[] booleanArray1 = ArrayUtils.add(booleanArray0, 0, true);
    Arrays.equals(new boolean[] { false, false }, booleanArray0);
},ERROR,java.nio.file.NoSuchFileException,/home/star_usit_group/tratto/experiment/generator/resources/defects4j/temp/Lang_37b/src/java/java/util/Arrays.java
org.apache.commons.lang3.ArrayUtils,@Test(timeout = 4000)
public void test119561() throws Throwable {
    boolean[] booleanArray0 = new boolean[2];
    boolean[] booleanArray1 = ArrayUtils.add(booleanArray0, 0, true);
    Arrays.equals(new boolean[] { true, false, false }, booleanArray1);
},ERROR,java.nio.file.NoSuchFileException,/home/star_usit_group/tratto/experiment/generator/resources/defects4j/temp/Lang_37b/src/java/java/util/Arrays.java
org.apache.commons.lang3.ArrayUtils,@Test(timeout = 4000)
public void test128600() throws Throwable {
    boolean[] booleanArray0 = new boolean[0];
    boolean boolean0 = ArrayUtils.isEmpty(booleanArray0);
    Arrays.equals(new boolean[] {}, booleanArray0);
},ERROR,java.nio.file.NoSuchFileException,/home/star_usit_group/tratto/experiment/generator/resources/defects4j/temp/Lang_37b/src/java/java/util/Arrays.java
org.apache.commons.lang3.ArrayUtils,@Test(timeout = 4000)
public void test130604() throws Throwable {
    boolean[] booleanArray0 = new boolean[3];
    boolean boolean0 = ArrayUtils.isEmpty(booleanArray0);
    Arrays.equals(new boolean[] { false, false, false }, booleanArray0);
},ERROR,java.nio.file.NoSuchFileException,/home/star_usit_group/tratto/experiment/generator/resources/defects4j/temp/Lang_37b/src/java/java/util/Arrays.java
org.apache.commons.lang3.ArrayUtils,@Test(timeout = 4000)
public void test137635() throws Throwable {
    boolean[] booleanArray0 = new boolean[3];
    booleanArray0[0] = true;
    int int0 = ArrayUtils.lastIndexOf(booleanArray0, true, 2341);
    Arrays.equals(new boolean[] { true, false, false }, booleanArray0);
},ERROR,java.nio.file.NoSuchFileException,/home/star_usit_group/tratto/experiment/generator/resources/defects4j/temp/Lang_37b/src/java/java/util/Arrays.java
org.apache.commons.lang3.ArrayUtils,@Test(timeout = 4000)
public void test138638() throws Throwable {
    boolean[] booleanArray0 = new boolean[1];
    booleanArray0[0] = true;
    int int0 = ArrayUtils.indexOf(booleanArray0, true, (int) (byte) (-66));
    Arrays.equals(new boolean[] { true }, booleanArray0);
},ERROR,java.nio.file.NoSuchFileException,/home/star_usit_group/tratto/experiment/generator/resources/defects4j/temp/Lang_37b/src/java/java/util/Arrays.java
org.apache.commons.lang3.ArrayUtils,@Test(timeout = 4000)
public void test139641() throws Throwable {
    boolean[] booleanArray0 = new boolean[3];
    int int0 = ArrayUtils.indexOf(booleanArray0, true, 0);
    Arrays.equals(new boolean[] { false, false, false }, booleanArray0);
},ERROR,java.nio.file.NoSuchFileException,/home/star_usit_group/tratto/experiment/generator/resources/defects4j/temp/Lang_37b/src/java/java/util/Arrays.java
org.apache.commons.lang3.ArrayUtils,@Test(timeout = 4000)
public void test168714() throws Throwable {
    boolean[] booleanArray0 = new boolean[1];
    Boolean[] booleanArray1 = ArrayUtils.toObject(booleanArray0);
    Arrays.equals(new boolean[] { false }, booleanArray0);
},ERROR,java.nio.file.NoSuchFileException,/home/star_usit_group/tratto/experiment/generator/resources/defects4j/temp/Lang_37b/src/java/java/util/Arrays.java
org.apache.commons.lang3.ArrayUtils,@Test(timeout = 4000)
public void test168718() throws Throwable {
    boolean[] booleanArray0 = new boolean[1];
    Boolean[] booleanArray1 = ArrayUtils.toObject(booleanArray0);
    int int0 = ArrayUtils.lastIndexOf((Object[]) booleanArray1, (Object) """", 31);
    Arrays.equals(new boolean[] { false }, booleanArray0);
},ERROR,java.nio.file.NoSuchFileException,/home/star_usit_group/tratto/experiment/generator/resources/defects4j/temp/Lang_37b/src/java/java/util/Arrays.java
org.apache.commons.lang3.ArrayUtils,@Test(timeout = 4000)
public void test173729() throws Throwable {
    Object[] objectArray0 = new Object[0];
    Object object0 = new Object();
},ERROR,java.nio.file.NoSuchFileException,/home/star_usit_group/tratto/experiment/generator/resources/defects4j/temp/Lang_37b/src/java/java/lang/Object.java
org.apache.commons.lang3.ArrayUtils,@Test(timeout = 4000)
public void test178743() throws Throwable {
    boolean[] booleanArray0 = new boolean[1];
    boolean[] booleanArray1 = ArrayUtils.clone(booleanArray0);
    Arrays.equals(new boolean[] { false }, booleanArray0);
},ERROR,java.nio.file.NoSuchFileException,/home/star_usit_group/tratto/experiment/generator/resources/defects4j/temp/Lang_37b/src/java/java/util/Arrays.java
org.apache.commons.lang3.ArrayUtils,@Test(timeout = 4000)
public void test178744() throws Throwable {
    boolean[] booleanArray0 = new boolean[1];
    boolean[] booleanArray1 = ArrayUtils.clone(booleanArray0);
    Arrays.equals(new boolean[] { false }, booleanArray1);
},ERROR,java.nio.file.NoSuchFileException,/home/star_usit_group/tratto/experiment/generator/resources/defects4j/temp/Lang_37b/src/java/java/util/Arrays.java
org.apache.commons.lang3.ArrayUtils,@Test(timeout = 4000)
public void test185788() throws Throwable {
    boolean[] booleanArray0 = new boolean[1];
    Boolean[] booleanArray1 = ArrayUtils.toObject(booleanArray0);
    Object[] objectArray0 = ArrayUtils.clone((Object[]) booleanArray1);
    Arrays.equals(new boolean[] { false }, booleanArray0);
},ERROR,java.nio.file.NoSuchFileException,/home/star_usit_group/tratto/experiment/generator/resources/defects4j/temp/Lang_37b/src/java/java/util/Arrays.java
org.apache.commons.lang3.ArrayUtils,@Test(timeout = 4000)
public void test188796() throws Throwable {
    boolean[] booleanArray0 = new boolean[8];
    int int0 = ArrayUtils.indexOf(booleanArray0, false);
    Arrays.equals(new boolean[] { false, false, false, false, false, false, false, false }, booleanArray0);
},ERROR,java.nio.file.NoSuchFileException,/home/star_usit_group/tratto/experiment/generator/resources/defects4j/temp/Lang_37b/src/java/java/util/Arrays.java
org.apache.commons.lang3.ArrayUtils,@Test(timeout = 4000)
public void test199859() throws Throwable {
    boolean[] booleanArray0 = new boolean[3];
    booleanArray0[0] = true;
    boolean[] booleanArray1 = ArrayUtils.removeElement(booleanArray0, true);
    Arrays.equals(new boolean[] { true, false, false }, booleanArray0);
},ERROR,java.nio.file.NoSuchFileException,/home/star_usit_group/tratto/experiment/generator/resources/defects4j/temp/Lang_37b/src/java/java/util/Arrays.java
org.apache.commons.lang3.ArrayUtils,@Test(timeout = 4000)
public void test199860() throws Throwable {
    boolean[] booleanArray0 = new boolean[3];
    booleanArray0[0] = true;
    boolean[] booleanArray1 = ArrayUtils.removeElement(booleanArray0, true);
    Arrays.equals(new boolean[] { false, false }, booleanArray1);
},ERROR,java.nio.file.NoSuchFileException,/home/star_usit_group/tratto/experiment/generator/resources/defects4j/temp/Lang_37b/src/java/java/util/Arrays.java
org.apache.commons.lang3.ArrayUtils,@Test(timeout = 4000)
public void test217943() throws Throwable {
    boolean[] booleanArray0 = new boolean[9];
    boolean[] booleanArray1 = ArrayUtils.addAll(booleanArray0, booleanArray0);
    Arrays.equals(new boolean[] { false, false, false, false, false, false, false, false, false }, booleanArray0);
},ERROR,java.nio.file.NoSuchFileException,/home/star_usit_group/tratto/experiment/generator/resources/defects4j/temp/Lang_37b/src/java/java/util/Arrays.java
org.apache.commons.lang3.ArrayUtils,@Test(timeout = 4000)
public void test236991() throws Throwable {
    boolean[] booleanArray0 = new boolean[6];
    booleanArray0[0] = true;
    Boolean[] booleanArray1 = ArrayUtils.toObject(booleanArray0);
    Arrays.equals(new boolean[] { true, false, false, false, false, false }, booleanArray0);
},ERROR,java.nio.file.NoSuchFileException,/home/star_usit_group/tratto/experiment/generator/resources/defects4j/temp/Lang_37b/src/java/java/util/Arrays.java
org.apache.commons.lang3.ArrayUtils,@Test(timeout = 4000)
public void test238996() throws Throwable {
    boolean[] booleanArray0 = new boolean[6];
    Boolean[] booleanArray1 = ArrayUtils.toObject(booleanArray0);
    Arrays.equals(new boolean[] { false, false, false, false, false, false }, booleanArray0);
},ERROR,java.nio.file.NoSuchFileException,/home/star_usit_group/tratto/experiment/generator/resources/defects4j/temp/Lang_37b/src/java/java/util/Arrays.java
org.apache.commons.lang3.ArrayUtils,@Test(timeout = 4000)
public void test238997() throws Throwable {
    boolean[] booleanArray0 = new boolean[6];
    Boolean[] booleanArray1 = ArrayUtils.toObject(booleanArray0);
    Object object0 = new Object();
},ERROR,java.nio.file.NoSuchFileException,/home/star_usit_group/tratto/experiment/generator/resources/defects4j/temp/Lang_37b/src/java/java/lang/Object.java
org.apache.commons.lang3.ArrayUtils,@Test(timeout = 4000)
public void test2401005() throws Throwable {
    Boolean[] booleanArray0 = new Boolean[0];
    boolean[] booleanArray1 = ArrayUtils.toPrimitive(booleanArray0, false);
    Arrays.equals(new boolean[] {}, booleanArray1);
},ERROR,java.nio.file.NoSuchFileException,/home/star_usit_group/tratto/experiment/generator/resources/defects4j/temp/Lang_37b/src/java/java/util/Arrays.java
org.apache.commons.lang3.ArrayUtils,@Test(timeout = 4000)
public void test2421007() throws Throwable {
    Boolean[] booleanArray0 = new Boolean[3];
    Boolean boolean0 = new Boolean(""', is neither of type Map.Entry nor an Array"");
},ERROR,java.nio.file.NoSuchFileException,/home/star_usit_group/tratto/experiment/generator/resources/defects4j/temp/Lang_37b/src/java/java/lang/Boolean.java
org.apache.commons.lang3.ArrayUtils,@Test(timeout = 4000)
public void test2421012() throws Throwable {
    Boolean[] booleanArray0 = new Boolean[3];
    Boolean boolean0 = new Boolean(""', is neither of type Map.Entry nor an Array"");
    booleanArray0[0] = boolean0;
    booleanArray0[1] = booleanArray0[0];
    booleanArray0[2] = booleanArray0[0];
    boolean[] booleanArray1 = ArrayUtils.toPrimitive(booleanArray0);
    Arrays.equals(new boolean[] { false, false, false }, booleanArray1);
},ERROR,java.nio.file.NoSuchFileException,/home/star_usit_group/tratto/experiment/generator/resources/defects4j/temp/Lang_37b/src/java/java/util/Arrays.java
org.apache.commons.lang3.ArrayUtils,@Test(timeout = 4000)
public void test2431016() throws Throwable {
    Boolean[] booleanArray0 = new Boolean[0];
    boolean[] booleanArray1 = ArrayUtils.toPrimitive(booleanArray0);
    Arrays.equals(new boolean[] {}, booleanArray1);
},ERROR,java.nio.file.NoSuchFileException,/home/star_usit_group/tratto/experiment/generator/resources/defects4j/temp/Lang_37b/src/java/java/util/Arrays.java
org.apache.commons.lang3.ArrayUtils,@Test(timeout = 4000)
public void test2481024() throws Throwable {
    Float[] floatArray0 = new Float[1];
    Float float0 = new Float((double) (-1L));
},ERROR,java.nio.file.NoSuchFileException,/home/star_usit_group/tratto/experiment/generator/resources/defects4j/temp/Lang_37b/src/java/java/lang/Float.java
org.apache.commons.lang3.ArrayUtils,@Test(timeout = 4000)
public void test2541045() throws Throwable {
    double[] doubleArray0 = new double[0];
    Double[] doubleArray1 = ArrayUtils.toObject(doubleArray0);
    Integer integer0 = new Integer(1);
},ERROR,java.nio.file.NoSuchFileException,/home/star_usit_group/tratto/experiment/generator/resources/defects4j/temp/Lang_37b/src/java/java/lang/Integer.java
org.apache.commons.lang3.ArrayUtils,@Test(timeout = 4000)
public void test2571058() throws Throwable {
    Double[] doubleArray0 = new Double[6];
    Double double0 = new Double((-2688));
},ERROR,java.nio.file.NoSuchFileException,/home/star_usit_group/tratto/experiment/generator/resources/defects4j/temp/Lang_37b/src/java/java/lang/Double.java
org.apache.commons.lang3.ArrayUtils,@Test(timeout = 4000)
public void test2591065() throws Throwable {
    Double[] doubleArray0 = new Double[6];
    Double double0 = new Double(432.3);
},ERROR,java.nio.file.NoSuchFileException,/home/star_usit_group/tratto/experiment/generator/resources/defects4j/temp/Lang_37b/src/java/java/lang/Double.java
org.apache.commons.lang3.ArrayUtils,@Test(timeout = 4000)
public void test2651082() throws Throwable {
    Byte[] byteArray0 = new Byte[1];
    byte byte0 = (byte) (-1);
    Byte byte1 = new Byte((byte) (-1));
},ERROR,java.nio.file.NoSuchFileException,/home/star_usit_group/tratto/experiment/generator/resources/defects4j/temp/Lang_37b/src/java/java/lang/Byte.java
org.apache.commons.lang3.ArrayUtils,@Test(timeout = 4000)
public void test2651083() throws Throwable {
    Byte[] byteArray0 = new Byte[1];
    byte byte0 = (byte) (-1);
    Byte byte1 = new Byte((byte) (-1));
    byte1.equals((Object) byte0);
},ERROR,java.nio.file.NoSuchFileException,/home/star_usit_group/tratto/experiment/generator/resources/defects4j/temp/Lang_37b/src/java/java/lang/Byte.java
org.apache.commons.lang3.ArrayUtils,@Test(timeout = 4000)
public void test2681094() throws Throwable {
    Byte[] byteArray0 = new Byte[6];
    Byte byte0 = new Byte((byte) (-16));
},ERROR,java.nio.file.NoSuchFileException,/home/star_usit_group/tratto/experiment/generator/resources/defects4j/temp/Lang_37b/src/java/java/lang/Byte.java
org.apache.commons.lang3.ArrayUtils,@Test(timeout = 4000)
public void test2821136() throws Throwable {
    double[] doubleArray0 = new double[3];
    int int0 = ArrayUtils.indexOf(doubleArray0, (-16.343852347137574));
    Integer[] integerArray0 = new Integer[8];
    Integer integer0 = new Integer((-3575));
},ERROR,java.nio.file.NoSuchFileException,/home/star_usit_group/tratto/experiment/generator/resources/defects4j/temp/Lang_37b/src/java/java/lang/Integer.java
org.apache.commons.lang3.ArrayUtils,@Test(timeout = 4000)
public void test2821137() throws Throwable {
    double[] doubleArray0 = new double[3];
    int int0 = ArrayUtils.indexOf(doubleArray0, (-16.343852347137574));
    Integer[] integerArray0 = new Integer[8];
    Integer integer0 = new Integer((-3575));
    integer0.equals((Object) int0);
},ERROR,java.nio.file.NoSuchFileException,/home/star_usit_group/tratto/experiment/generator/resources/defects4j/temp/Lang_37b/src/java/java/lang/Integer.java
org.apache.commons.lang3.ArrayUtils,@Test(timeout = 4000)
public void test2921166() throws Throwable {
    Long[] longArray0 = new Long[4];
    Long long0 = new Long(0);
},ERROR,java.nio.file.NoSuchFileException,/home/star_usit_group/tratto/experiment/generator/resources/defects4j/temp/Lang_37b/src/java/java/lang/Long.java
org.apache.commons.lang3.ArrayUtils,@Test(timeout = 4000)
public void test3001188() throws Throwable {
    Character[] characterArray0 = new Character[6];
    Character character0 = new Character('+');
},ERROR,java.nio.file.NoSuchFileException,/home/star_usit_group/tratto/experiment/generator/resources/defects4j/temp/Lang_37b/src/java/java/lang/Character.java
org.apache.commons.lang3.ArrayUtils,@Test(timeout = 4000)
public void test3011194() throws Throwable {
    Character[] characterArray0 = new Character[1];
    Character character0 = new Character('X');
},ERROR,java.nio.file.NoSuchFileException,/home/star_usit_group/tratto/experiment/generator/resources/defects4j/temp/Lang_37b/src/java/java/lang/Character.java
org.apache.commons.lang3.ArrayUtils,@Test(timeout = 4000)
public void test3041216() throws Throwable {
    boolean[] booleanArray0 = new boolean[0];
    boolean boolean0 = ArrayUtils.contains(booleanArray0, false);
    Arrays.equals(new boolean[] {}, booleanArray0);
},ERROR,java.nio.file.NoSuchFileException,/home/star_usit_group/tratto/experiment/generator/resources/defects4j/temp/Lang_37b/src/java/java/util/Arrays.java
org.apache.commons.lang3.ArrayUtils,@Test(timeout = 4000)
public void test3051219() throws Throwable {
    boolean[] booleanArray0 = new boolean[9];
    booleanArray0[1] = true;
    int int0 = ArrayUtils.lastIndexOf(booleanArray0, true);
    Arrays.equals(new boolean[] { false, true, false, false, false, false, false, false, false }, booleanArray0);
},ERROR,java.nio.file.NoSuchFileException,/home/star_usit_group/tratto/experiment/generator/resources/defects4j/temp/Lang_37b/src/java/java/util/Arrays.java
org.apache.commons.lang3.ArrayUtils,@Test(timeout = 4000)
public void test3061222() throws Throwable {
    boolean[] booleanArray0 = new boolean[1];
    int int0 = ArrayUtils.lastIndexOf(booleanArray0, true, (-1976));
    Arrays.equals(new boolean[] { false }, booleanArray0);
},ERROR,java.nio.file.NoSuchFileException,/home/star_usit_group/tratto/experiment/generator/resources/defects4j/temp/Lang_37b/src/java/java/util/Arrays.java
org.apache.commons.lang3.ArrayUtils,@Test(timeout = 4000)
public void test3211261() throws Throwable {
    double[] doubleArray0 = ArrayUtils.EMPTY_DOUBLE_ARRAY;
},ERROR,java.lang.IllegalStateException,[ERROR] - Unable to parse last statement as a MethodCallExpr or an ObjectCreationExpr statement.
org.apache.commons.lang3.ArrayUtils,@Test(timeout = 4000)
public void test3711372() throws Throwable {
    boolean[] booleanArray0 = new boolean[4];
    ArrayUtils.reverse(booleanArray0);
    Arrays.equals(new boolean[] { false, false, false, false }, booleanArray0);
},ERROR,java.nio.file.NoSuchFileException,/home/star_usit_group/tratto/experiment/generator/resources/defects4j/temp/Lang_37b/src/java/java/util/Arrays.java
org.apache.commons.lang3.ArrayUtils,@Test(timeout = 4000)
public void test4211425() throws Throwable {
    boolean[] booleanArray0 = new boolean[0];
    boolean[] booleanArray1 = ArrayUtils.subarray(booleanArray0, (-963), 0);
    Arrays.equals(new boolean[] {}, booleanArray1);
},ERROR,java.nio.file.NoSuchFileException,/home/star_usit_group/tratto/experiment/generator/resources/defects4j/temp/Lang_37b/src/java/java/util/Arrays.java
org.apache.commons.lang3.ArrayUtils,@Test(timeout = 4000)
public void test4931516() throws Throwable {
    boolean[] booleanArray0 = new boolean[7];
    boolean[] booleanArray1 = ArrayUtils.add(booleanArray0, false);
    Arrays.equals(new boolean[] { false, false, false, false, false, false, false, false }, booleanArray1);
},ERROR,java.nio.file.NoSuchFileException,/home/star_usit_group/tratto/experiment/generator/resources/defects4j/temp/Lang_37b/src/java/java/util/Arrays.java
org.apache.commons.lang3.ArrayUtils,@Test(timeout = 4000)
public void test4991522() throws Throwable {
    ArrayUtils arrayUtils0 = new ArrayUtils();
    Map<Object, Object> map0 = ArrayUtils.toMap(arrayUtils0.EMPTY_SHORT_OBJECT_ARRAY);
    map0.isEmpty();
},ERROR,java.nio.file.NoSuchFileException,/home/star_usit_group/tratto/experiment/generator/resources/defects4j/temp/Lang_37b/src/java/java/util/Map.java
